"id","subject","topic","difficulty","type","question","option_a","option_b","option_c","option_d","correct_answer","explanation","code_snippet"
"1","SQL","Aggregate Functions","Easy","mcq","Which function returns the number of rows in a result set in SQL?","TOTAL()","NUM()","SUM()","COUNT()","D","COUNT() returns the number of rows that match the specified criteria.",""
"2","SQL","WHERE/ORDER BY/GROUP BY/HAVING","Easy","mcq","What does the IN operator do in a WHERE clause?","Checks for NULL values","Checks if a value matches any value in a list","Checks if a value is between two values","Checks for pattern matches","B","The IN operator allows you to specify multiple values in a WHERE clause, equivalent to multiple OR conditions.",""
"3","SQL","JOINs (INNER/LEFT/RIGHT/FULL)","Hard","mcq","What is a NATURAL JOIN?","A join that returns only unique rows","A join that automatically matches columns with the same name in both tables","A join on the primary key only","A join that uses no condition","B","NATURAL JOIN automatically joins tables on all columns that share the same name and data type.",""
"4","SQL","JOINs (INNER/LEFT/RIGHT/FULL)","Medium","mcq","Which JOIN type includes all rows from both tables even if there is no match in SQL?","FULL OUTER JOIN","LEFT JOIN","INNER JOIN","CROSS JOIN","A","FULL OUTER JOIN returns all rows from both tables, placing NULLs where there is no match.",""
"5","SQL","DDL (CREATE/ALTER/DROP)","Medium","mcq","What is the difference between DROP and TRUNCATE in SQL?","DROP is faster than TRUNCATE","They are identical","TRUNCATE removes the table; DROP removes rows","DROP removes the table entirely; TRUNCATE removes all rows but keeps the structure","D","DROP removes the table definition and data; TRUNCATE keeps the table structure but removes all rows quickly.",""
"6","SQL","Views","Easy","mcq","Which statement creates a view in SQL?","MAKE VIEW","CREATE VIEW","ADD VIEW","DEFINE VIEW","B","CREATE VIEW defines a new view based on a SELECT query.",""
"7","SQL","WHERE/ORDER BY/GROUP BY/HAVING","Medium","mcq","Which operator is used to search for a specified pattern in a column?","MATCH","PATTERN","SEARCH","LIKE","D","The LIKE operator is used in a WHERE clause to search for a specified pattern using wildcards (% and _).",""
"8","SQL","Window Functions","Medium","mcq","What does PARTITION BY do in a window function?","Orders the result set","Divides the result set into partitions to which the window function is applied independently","Limits the number of partitions","Filters rows","B","PARTITION BY divides rows into groups (partitions). The window function is computed separately for each partition.",""
"9","SQL","DDL (CREATE/ALTER/DROP)","Medium","mcq","What does ALTER TABLE employees ADD COLUMN bonus DECIMAL(10,2); do?","Renames the employees table","Creates a new table called bonus","Deletes the bonus column","Adds a new column named bonus to the employees table","D","ALTER TABLE with ADD COLUMN adds a new column with the specified data type to an existing table.",""
"10","SQL","Aggregate Functions","Hard","mcq","Can aggregate functions be nested, such as MAX(AVG(salary)) in SQL?","Only with GROUP BY","Not directly in standard SQL; you need a subquery or CTE","Yes, always","Only in PostgreSQL","B","Standard SQL does not allow nested aggregates directly. You must use a subquery or CTE to first compute the inner aggregate.",""
"11","SQL","SELECT basics","Hard","mcq","What is the difference between SELECT DISTINCT and SELECT ALL?","DISTINCT is faster than ALL","DISTINCT removes duplicates; ALL keeps them (default)","ALL removes duplicates; DISTINCT keeps them","They are identical","B","SELECT ALL is the default behavior that returns all rows including duplicates, while DISTINCT removes duplicate rows.",""
"12","SQL","SELECT basics","Easy","mcq","Which keyword limits the number of rows returned in MySQL in SQL?","TOP","FETCH","LIMIT","ROWNUM","C","In MySQL and PostgreSQL, LIMIT restricts the number of rows returned by a query.",""
"13","SQL","Window Functions","Medium","mcq","What is the difference between RANK() and DENSE_RANK()?","DENSE_RANK() leaves gaps; RANK() does not","They always produce the same result","RANK() only works with numeric columns","RANK() leaves gaps after ties; DENSE_RANK() does not","D","RANK() skips rank numbers after ties (e.g., 1,1,3), while DENSE_RANK() does not skip (1,1,2).",""
"14","SQL","Window Functions","Easy","mcq","Which keyword defines a window in a window function?","FRAME","WINDOW","OVER","PARTITION","C","The OVER() clause defines the window (partition and ordering) for a window function.",""
"15","SQL","SELECT basics","Medium","mcq","What is the result of SELECT DISTINCT department FROM employees in SQL?","All department values including duplicates","Department names sorted alphabetically","Unique department values only","Count of departments","C","DISTINCT eliminates duplicate rows from the result set.",""
"16","SQL","Window Functions","Hard","mcq","What does NTILE(4) OVER (ORDER BY score DESC) do in SQL?","Returns the top 4 scores","Divides the result set into 4 roughly equal groups ranked by score descending","Returns every 4th row","Calculates the 4th percentile","B","NTILE(n) distributes rows into n approximately equal buckets based on the specified ordering.",""
"17","SQL","WHERE/ORDER BY/GROUP BY/HAVING","Medium","mcq","What does IS NULL check for?","Whether a value is NULL","Whether a value is zero","Whether a column exists","Whether a value is an empty string","A","IS NULL tests whether a value is NULL; you cannot use = NULL because NULL is not equal to anything, including itself.",""
"18","SQL","WHERE/ORDER BY/GROUP BY/HAVING","Hard","mcq","Can you use a column alias defined in SELECT inside the WHERE clause?","Only with numeric aliases","Yes, always","Only in MySQL","No, because WHERE is processed before SELECT","D","Because WHERE is logically processed before SELECT, column aliases from SELECT are not available in WHERE.",""
"19","SQL","Views","Hard","mcq","What is the WITH CHECK OPTION in a view?","Validates the view definition","Checks for NULL values","Adds a constraint to the base table","Ensures that INSERT/UPDATE through the view satisfy the view's WHERE condition","D","WITH CHECK OPTION prevents data modifications through a view that would make the row disappear from the view.",""
"20","SQL","DML (INSERT/UPDATE/DELETE)","Medium","mcq","What does INSERT INTO ... SELECT do in SQL?","Inserts rows from a SELECT query result into a table","Creates a new table from a query","Updates existing rows","Copies the table structure only","A","INSERT INTO ... SELECT copies data from one or more tables into another table using the results of a SELECT query.",""
"21","SQL","DDL (CREATE/ALTER/DROP)","Hard","mcq","What does CASCADE do in a DROP TABLE statement in SQL?","Deletes rows in related tables","Creates a backup before dropping","Prevents the table from being dropped","Automatically drops dependent objects like foreign keys and views","D","CASCADE automatically drops objects that depend on the table (such as foreign key constraints and views referencing it).",""
"22","SQL","Transactions","Medium","mcq","What does ROLLBACK do?","Starts a new transaction","Undoes all changes made in the current transaction","Locks the table","Saves the current transaction","B","ROLLBACK reverses all changes made since the last COMMIT or the start of the transaction.",""
"23","SQL","WHERE/ORDER BY/GROUP BY/HAVING","Easy","mcq","Which clause is used to filter rows in a SELECT statement?","LIMIT","FILTER","WHERE","HAVING","C","The WHERE clause filters rows before any grouping takes place.",""
"24","SQL","Aggregate Functions","Medium","mcq","What does COUNT(*) vs COUNT(column_name) differ in in SQL?","COUNT(column) counts all rows including NULLs","COUNT(*) counts all rows; COUNT(column) skips NULLs in that column","COUNT(*) is faster","They are identical","B","COUNT(*) counts every row regardless of NULLs; COUNT(column) ignores rows where that column is NULL.",""
"25","SQL","Views","Easy","mcq","What is a view in SQL?","A type of index","A virtual table based on a SELECT query","A stored procedure","A physical copy of a table","B","A view is a virtual table defined by a query; it does not store data itself but presents data from underlying tables.",""
"26","SQL","Window Functions","Easy","mcq","Do window functions reduce the number of rows in the result set?","Only RANK() reduces rows","No, they add computed values without reducing rows","Yes, they group rows like GROUP BY","Yes, they filter rows","B","Unlike aggregate functions with GROUP BY, window functions compute values across a set of rows while retaining all original rows.",""
"27","SQL","WHERE/ORDER BY/GROUP BY/HAVING","Hard","mcq","Can you use a column alias defined in SELECT inside the WHERE clause in SQL?","No, because WHERE is processed before SELECT","Only in MySQL","Only with numeric aliases","Yes, always","A","Because WHERE is logically processed before SELECT, column aliases from SELECT are not available in WHERE.",""
"28","SQL","Indexes","Easy","mcq","What SQL statement creates an index?","BUILD INDEX","MAKE INDEX","CREATE INDEX","ADD INDEX","C","CREATE INDEX is the DDL statement to create an index on one or more columns of a table.",""
"29","SQL","SELECT basics","Medium","mcq","What does the CASE expression do in SQL?","Sorts results","Creates a new table","Provides conditional logic similar to IF-THEN-ELSE within a query","Converts data types","C","CASE evaluates conditions and returns a value when the first condition is met, like an IF-ELSE statement.",""
"30","SQL","Aggregate Functions","Medium","mcq","What does COUNT(*) vs COUNT(column_name) differ in?","COUNT(*) counts all rows; COUNT(column) skips NULLs in that column","They are identical","COUNT(*) is faster","COUNT(column) counts all rows including NULLs","A","COUNT(*) counts every row regardless of NULLs; COUNT(column) ignores rows where that column is NULL.",""
"31","SQL","JOINs (INNER/LEFT/RIGHT/FULL)","Hard","mcq","What is the difference between ON and USING in a JOIN clause?","USING can reference columns from only one table","They are identical","USING specifies a common column name; ON allows arbitrary conditions","ON works only with INNER JOIN","C","USING(col) is shorthand when both tables share the same column name; ON allows any boolean expression.",""
"32","SQL","DDL (CREATE/ALTER/DROP)","Medium","mcq","What is a foreign key?","A column that references the primary key of another table","A unique identifier for each row","A key used for encryption","An index on multiple columns","A","A foreign key establishes a link between two tables by referencing the primary key (or unique key) of another table.",""
"33","SQL","Aggregate Functions","Hard","mcq","What does GROUP_CONCAT (MySQL) / STRING_AGG (SQL Server/PostgreSQL) do?","Counts strings in a group","Splits a string into rows","Groups rows by string length","Concatenates values from multiple rows into a single string","D","These functions aggregate string values from multiple rows into one concatenated string per group.",""
"34","SQL","Indexes","Hard","mcq","What is a covering index?","An index on every column of a table","An index that covers multiple tables","An index that contains all columns needed by a query, avoiding table lookups","An index used only for JOIN operations","C","A covering index includes all columns referenced in a query, so the database can satisfy the query entirely from the index.",""
"35","SQL","Window Functions","Easy","mcq","Which keyword defines a window in a window function in SQL?","FRAME","WINDOW","PARTITION","OVER","D","The OVER() clause defines the window (partition and ordering) for a window function.",""
"36","SQL","SELECT basics","Hard","mcq","What is the purpose of the NULLIF function?","Counts NULL values","Returns NULL if the expression is zero","Replaces NULL with a default value","Returns NULL if two expressions are equal; otherwise returns the first expression","D","NULLIF(expr1, expr2) returns NULL if expr1 equals expr2; otherwise it returns expr1. It is useful to avoid division by zero.",""
"37","SQL","JOINs (INNER/LEFT/RIGHT/FULL)","Easy","mcq","What keyword is used to combine rows from two tables based on a related column in SQL?","JOIN","COMBINE","MERGE","UNION","A","JOIN is used to combine rows from two or more tables based on a related column between them.",""
"38","SQL","SELECT basics","Medium","mcq","What is the result of SELECT DISTINCT department FROM employees?","Unique department values only","Department names sorted alphabetically","Count of departments","All department values including duplicates","A","DISTINCT eliminates duplicate rows from the result set.",""
"39","SQL","SELECT basics","Medium","mcq","What is the result of SELECT DISTINCT department FROM employees in SQL?","Department names sorted alphabetically","Count of departments","All department values including duplicates","Unique department values only","D","DISTINCT eliminates duplicate rows from the result set.",""
"40","SQL","Transactions","Hard","mcq","Which isolation level allows dirty reads?","READ UNCOMMITTED","SERIALIZABLE","READ COMMITTED","REPEATABLE READ","A","READ UNCOMMITTED is the lowest isolation level and allows reading data that has been modified but not yet committed by other transactions.",""
"41","SQL","Normalization","Hard","mcq","What is Boyce-Codd Normal Form (BCNF) in SQL?","A stricter version of 3NF where every determinant must be a candidate key","A denormalized form","A form that allows partial dependencies","The same as 3NF","A","BCNF strengthens 3NF by requiring that for every functional dependency X -> Y, X must be a superkey.",""
"42","SQL","SELECT basics","Medium","mcq","What does the COALESCE function do?","Returns the first non-NULL value from a list of arguments","Converts NULL to zero","Counts non-NULL values","Combines two strings","A","COALESCE evaluates arguments in order and returns the first non-NULL value.",""
"43","SQL","Transactions","Easy","mcq","What SQL command saves all changes made during a transaction in SQL?","FINISH","APPLY","COMMIT","SAVE","C","COMMIT permanently saves all changes made during the current transaction.",""
"44","SQL","Indexes","Medium","mcq","What is a composite index?","An index on computed columns only","An index with a WHERE condition","An index that covers all columns","An index on two or more columns","D","A composite (multi-column) index includes two or more columns and is useful when queries filter on multiple columns.",""
"45","SQL","JOINs (INNER/LEFT/RIGHT/FULL)","Easy","mcq","Which JOIN returns only matching rows from both tables in SQL?","INNER JOIN","RIGHT JOIN","LEFT JOIN","FULL OUTER JOIN","A","INNER JOIN returns only the rows that have matching values in both tables.",""
"46","SQL","SELECT basics","Easy","mcq","What does SELECT * FROM employees; return?","Only the first row","Only column names","All columns and rows from the employees table","An error","C","The asterisk (*) is a wildcard that selects all columns, and without a WHERE clause all rows are returned.",""
"47","SQL","Query Optimization","Hard","mcq","What is predicate pushdown in query optimization in SQL?","Moving filter conditions closer to the data source to reduce the amount of data processed","Adding indexes automatically","Rewriting subqueries as joins","Removing predicates from the query","A","Predicate pushdown moves WHERE conditions as early as possible in the query plan to filter data before expensive operations like joins.",""
"48","SQL","SELECT basics","Medium","mcq","Which SQL statement is used to return only different values?","SELECT DISTINCT","SELECT UNIQUE","SELECT DIFFERENT","SELECT VARIED","A","SELECT DISTINCT filters out duplicate rows from the result set.",""
"49","SQL","JOINs (INNER/LEFT/RIGHT/FULL)","Medium","mcq","Which JOIN type includes all rows from both tables even if there is no match?","FULL OUTER JOIN","INNER JOIN","CROSS JOIN","LEFT JOIN","A","FULL OUTER JOIN returns all rows from both tables, placing NULLs where there is no match.",""
"50","SQL","Views","Easy","mcq","Which statement creates a view?","ADD VIEW","MAKE VIEW","CREATE VIEW","DEFINE VIEW","C","CREATE VIEW defines a new view based on a SELECT query.",""
"51","SQL","Views","Medium","mcq","What is a materialized view in SQL?","A regular view with an index","A view that stores the result set physically and can be refreshed","A view that is always up-to-date","A view that cannot be queried","B","A materialized view physically stores query results and must be refreshed to reflect changes in the underlying data.",""
"52","SQL","WHERE/ORDER BY/GROUP BY/HAVING","Hard","mcq","What does GROUP BY ROLLUP do in SQL?","Orders groups in reverse","Creates subtotals for each grouping level and a grand total","Limits the number of groups","Removes duplicate groups","B","ROLLUP generates subtotal rows for the hierarchy of grouped columns plus a grand total row.",""
"53","SQL","Normalization","Hard","mcq","What is Boyce-Codd Normal Form (BCNF)?","A stricter version of 3NF where every determinant must be a candidate key","A form that allows partial dependencies","The same as 3NF","A denormalized form","A","BCNF strengthens 3NF by requiring that for every functional dependency X -> Y, X must be a superkey.",""
"54","SQL","Window Functions","Hard","mcq","What does NTILE(4) OVER (ORDER BY score DESC) do in SQL?","Calculates the 4th percentile","Returns the top 4 scores","Returns every 4th row","Divides the result set into 4 roughly equal groups ranked by score descending","D","NTILE(n) distributes rows into n approximately equal buckets based on the specified ordering.",""
"55","SQL","SELECT basics","Medium","mcq","Which SQL statement is used to return only different values in SQL?","SELECT VARIED","SELECT UNIQUE","SELECT DIFFERENT","SELECT DISTINCT","D","SELECT DISTINCT filters out duplicate rows from the result set.",""
"56","SQL","Query Optimization","Medium","mcq","What is an index scan vs an index seek?","A scan is always faster","A seek goes directly to specific rows; a scan reads the entire index","A seek reads the entire table","They are the same operation","B","An index seek efficiently navigates the B-tree to find specific rows; an index scan reads all entries in the index sequentially.",""
"57","SQL","DML (INSERT/UPDATE/DELETE)","Hard","mcq","What is the OUTPUT clause in SQL Server used for?","Exporting data to a file","Printing debug messages","Returning data from inserted, updated, or deleted rows in a DML statement","Creating an audit table","C","The OUTPUT clause returns information from each row affected by a DML statement, useful for auditing and debugging.",""
"58","SQL","Window Functions","Hard","mcq","Which window function returns a value from a preceding row without a self-join?","LEAD()","LAG()","FIRST_VALUE()","NTH_VALUE()","B","LAG() accesses data from a previous row in the same result set without needing a self-join.",""
"59","SQL","DDL (CREATE/ALTER/DROP)","Easy","mcq","What constraint ensures that a column cannot have NULL values in SQL?","CHECK","UNIQUE","NOT NULL","DEFAULT","C","The NOT NULL constraint prevents a column from accepting NULL values.",""
"60","SQL","Query Optimization","Medium","mcq","What is a table scan?","Reading every row in a table to find matching rows","A method to update statistics","Scanning index entries only","A type of JOIN operation","A","A table scan (full table scan) reads every row sequentially, which is inefficient for large tables with selective queries.",""
"61","SQL","CTEs","Easy","mcq","What does CTE stand for in SQL?","Common Table Expression","Cached Temporary Expression","Central Table Entity","Computed Table Extension","A","CTE stands for Common Table Expression, introduced with the WITH keyword.",""
"62","SQL","Subqueries","Easy","mcq","Where can a subquery be used?","Only in SELECT clause","In SELECT, FROM, WHERE, and HAVING clauses","Only in WHERE clause","Only in FROM clause","B","Subqueries can appear in the SELECT list, FROM clause (as a derived table), WHERE clause, or HAVING clause.",""
"63","SQL","Query Optimization","Hard","mcq","What is a query execution plan's 'cost' based on?","The size of the result set only","The number of tables in the database","The number of columns selected","Estimated I/O and CPU resources needed to execute the query","D","The optimizer estimates cost based on I/O operations, CPU usage, memory, and statistics about the data distribution.",""
"64","SQL","Views","Hard","mcq","Under what condition can you INSERT into a view in SQL?","Only if the view has a UNION","Never","When the view is based on a single table and includes all NOT NULL columns","Always","C","A view is updatable if it maps directly to a single base table and includes all columns that do not have default values.",""
"65","SQL","JOINs (INNER/LEFT/RIGHT/FULL)","Hard","mcq","What is the difference between ON and USING in a JOIN clause in SQL?","They are identical","USING can reference columns from only one table","ON works only with INNER JOIN","USING specifies a common column name; ON allows arbitrary conditions","D","USING(col) is shorthand when both tables share the same column name; ON allows any boolean expression.",""
"66","SQL","Indexes","Medium","mcq","What is a composite index in SQL?","An index with a WHERE condition","An index on two or more columns","An index on computed columns only","An index that covers all columns","B","A composite (multi-column) index includes two or more columns and is useful when queries filter on multiple columns.",""
"67","SQL","SELECT basics","Hard","mcq","What is the purpose of the NULLIF function in SQL?","Replaces NULL with a default value","Returns NULL if two expressions are equal; otherwise returns the first expression","Returns NULL if the expression is zero","Counts NULL values","B","NULLIF(expr1, expr2) returns NULL if expr1 equals expr2; otherwise it returns expr1. It is useful to avoid division by zero.",""
"68","SQL","WHERE/ORDER BY/GROUP BY/HAVING","Hard","mcq","In which order does SQL logically process these clauses?","FROM, SELECT, WHERE, GROUP BY, HAVING, ORDER BY","SELECT, FROM, GROUP BY, WHERE, HAVING, ORDER BY","FROM, WHERE, GROUP BY, HAVING, SELECT, ORDER BY","SELECT, FROM, WHERE, GROUP BY, HAVING, ORDER BY","C","SQL processes clauses in logical order: FROM -> WHERE -> GROUP BY -> HAVING -> SELECT -> ORDER BY.",""
"69","SQL","CTEs","Medium","mcq","Can a CTE reference itself?","Only with UNION ALL","Only in MySQL","No, CTEs cannot self-reference","Yes, this is called a recursive CTE","D","A recursive CTE references itself in the recursive member, combined with an anchor member via UNION ALL.",""
"70","SQL","Normalization","Easy","mcq","What is First Normal Form (1NF)?","All columns are primary keys","No partial dependencies","Each column contains atomic (indivisible) values and each row is unique","No transitive dependencies","C","1NF requires that all column values are atomic (no repeating groups or arrays) and rows are uniquely identifiable.",""
"71","SQL","WHERE/ORDER BY/GROUP BY/HAVING","Easy","mcq","What does ORDER BY salary DESC do?","Sorts results by salary in descending order","Filters salaries","Sorts results by salary in ascending order","Groups by salary","A","DESC sorts the result set in descending order; ASC (the default) sorts in ascending order.",""
"72","SQL","Aggregate Functions","Easy","mcq","What does AVG(salary) return?","The arithmetic mean of all salary values","The salary range","The most frequent salary","The median salary","A","AVG() calculates the arithmetic mean of a numeric column.",""
"73","SQL","SELECT basics","Hard","mcq","What is the difference between SELECT DISTINCT and SELECT ALL in SQL?","DISTINCT removes duplicates; ALL keeps them (default)","ALL removes duplicates; DISTINCT keeps them","They are identical","DISTINCT is faster than ALL","A","SELECT ALL is the default behavior that returns all rows including duplicates, while DISTINCT removes duplicate rows.",""
"74","SQL","WHERE/ORDER BY/GROUP BY/HAVING","Hard","mcq","In which order does SQL logically process these clauses in SQL?","FROM, WHERE, GROUP BY, HAVING, SELECT, ORDER BY","SELECT, FROM, WHERE, GROUP BY, HAVING, ORDER BY","FROM, SELECT, WHERE, GROUP BY, HAVING, ORDER BY","SELECT, FROM, GROUP BY, WHERE, HAVING, ORDER BY","A","SQL processes clauses in logical order: FROM -> WHERE -> GROUP BY -> HAVING -> SELECT -> ORDER BY.",""
"75","SQL","Query Optimization","Hard","mcq","What is predicate pushdown in query optimization in SQL?","Adding indexes automatically","Moving filter conditions closer to the data source to reduce the amount of data processed","Removing predicates from the query","Rewriting subqueries as joins","B","Predicate pushdown moves WHERE conditions as early as possible in the query plan to filter data before expensive operations like joins.",""
"76","SQL","DDL (CREATE/ALTER/DROP)","Easy","mcq","Which SQL statement creates a new table in SQL?","NEW TABLE","CREATE TABLE","ADD TABLE","MAKE TABLE","B","CREATE TABLE is the DDL statement used to define and create a new table in a database.",""
"77","SQL","DML (INSERT/UPDATE/DELETE)","Easy","mcq","Which statement modifies existing data in a table?","CHANGE","MODIFY","ALTER","UPDATE","D","UPDATE is the DML statement used to modify existing rows in a table.",""
"78","SQL","Query Optimization","Hard","mcq","What is predicate pushdown in query optimization in SQL?","Moving filter conditions closer to the data source to reduce the amount of data processed","Rewriting subqueries as joins","Adding indexes automatically","Removing predicates from the query","A","Predicate pushdown moves WHERE conditions as early as possible in the query plan to filter data before expensive operations like joins.",""
"79","SQL","JOINs (INNER/LEFT/RIGHT/FULL)","Medium","mcq","What is the result of a LEFT JOIN when no matching row exists in the right table in SQL?","An error occurs","The row is excluded","The right columns contain empty strings","The right table columns contain NULL","D","In a LEFT JOIN, when there is no match in the right table, all right-side columns are filled with NULL.",""
"80","SQL","Indexes","Medium","mcq","What is the downside of having too many indexes on a table in SQL?","Slower INSERT, UPDATE, and DELETE operations","Increased data integrity","Reduced storage usage","Faster INSERT operations","A","Each index must be maintained during data modifications, so excessive indexes slow down write operations and consume additional storage.",""
"81","SQL","Normalization","Hard","mcq","What is Second Normal Form (2NF)?","1NF plus every non-key column is fully dependent on the entire primary key","All columns are candidate keys","Atomic values only","No transitive dependencies","A","2NF requires 1NF and that all non-key attributes are fully functionally dependent on the whole primary key (no partial dependencies).",""
"82","SQL","Subqueries","Medium","mcq","What is a correlated subquery?","A subquery that runs independently","A subquery inside a HAVING clause","A subquery that returns exactly one row","A subquery that references a column from the outer query","D","A correlated subquery depends on the outer query for its values and is re-evaluated for each outer row.",""
"83","SQL","SELECT basics","Hard","mcq","What is the difference between SELECT DISTINCT and SELECT ALL in SQL?","DISTINCT is faster than ALL","They are identical","DISTINCT removes duplicates; ALL keeps them (default)","ALL removes duplicates; DISTINCT keeps them","C","SELECT ALL is the default behavior that returns all rows including duplicates, while DISTINCT removes duplicate rows.",""
"84","SQL","DML (INSERT/UPDATE/DELETE)","Medium","mcq","What does INSERT INTO ... SELECT do?","Creates a new table from a query","Copies the table structure only","Inserts rows from a SELECT query result into a table","Updates existing rows","C","INSERT INTO ... SELECT copies data from one or more tables into another table using the results of a SELECT query.",""
"85","SQL","SELECT basics","Hard","mcq","What is the difference between UNION and UNION ALL?","UNION ALL only works with two tables","UNION ALL removes duplicates; UNION keeps all","UNION removes duplicates; UNION ALL keeps all rows including duplicates","They are identical","C","UNION eliminates duplicate rows (with extra overhead); UNION ALL retains all rows from both queries.",""
"86","SQL","Transactions","Medium","mcq","What is a savepoint?","A commit point","A point within a transaction to which you can later roll back","A type of lock","A backup of the database","B","A savepoint marks a point in a transaction so you can roll back to it without rolling back the entire transaction.",""
"87","SQL","DML (INSERT/UPDATE/DELETE)","Medium","mcq","What happens if you run DELETE FROM employees; without a WHERE clause?","An error is thrown","All rows are deleted from the employees table","The table is dropped","Only the first row is deleted","B","Without a WHERE clause, DELETE removes all rows from the table but retains the table structure.",""
"88","SQL","Subqueries","Hard","mcq","Which keyword checks for the existence of any rows returned by a subquery in SQL?","SOME","IN","ANY","EXISTS","D","EXISTS returns TRUE if the subquery returns one or more rows, regardless of the actual data.",""
"89","SQL","JOINs (INNER/LEFT/RIGHT/FULL)","Easy","mcq","What does a LEFT JOIN return?","Only matching rows","All rows from the left table and matched rows from the right table","All rows from the right table and matched rows from the left","A Cartesian product","B","LEFT JOIN returns all rows from the left table plus matching rows from the right table; unmatched right-side columns are NULL.",""
"90","SQL","SELECT basics","Hard","mcq","What is the purpose of the NULLIF function in SQL?","Returns NULL if the expression is zero","Replaces NULL with a default value","Returns NULL if two expressions are equal; otherwise returns the first expression","Counts NULL values","C","NULLIF(expr1, expr2) returns NULL if expr1 equals expr2; otherwise it returns expr1. It is useful to avoid division by zero.",""
"91","SQL","CTEs","Medium","mcq","What keyword introduces a CTE?","CTE","DECLARE","DEFINE","WITH","D","A CTE is defined using the WITH keyword followed by the CTE name and its query.",""
"92","SQL","WHERE/ORDER BY/GROUP BY/HAVING","Hard","mcq","Can you use a column alias defined in SELECT inside the WHERE clause in SQL?","Yes, always","Only with numeric aliases","No, because WHERE is processed before SELECT","Only in MySQL","C","Because WHERE is logically processed before SELECT, column aliases from SELECT are not available in WHERE.",""
"93","SQL","DDL (CREATE/ALTER/DROP)","Medium","mcq","What is a foreign key in SQL?","A key used for encryption","A column that references the primary key of another table","A unique identifier for each row","An index on multiple columns","B","A foreign key establishes a link between two tables by referencing the primary key (or unique key) of another table.",""
"94","SQL","DDL (CREATE/ALTER/DROP)","Easy","mcq","Which SQL statement creates a new table?","CREATE TABLE","MAKE TABLE","NEW TABLE","ADD TABLE","A","CREATE TABLE is the DDL statement used to define and create a new table in a database.",""
"95","SQL","SELECT basics","Easy","mcq","What does the CONCAT function do?","Adds two numbers","Merges two queries","Combines two tables","Joins two or more strings together","D","CONCAT concatenates two or more string values into a single string.",""
"96","SQL","JOINs (INNER/LEFT/RIGHT/FULL)","Hard","mcq","What is a NATURAL JOIN in SQL?","A join that returns only unique rows","A join that automatically matches columns with the same name in both tables","A join on the primary key only","A join that uses no condition","B","NATURAL JOIN automatically joins tables on all columns that share the same name and data type.",""
"97","SQL","SELECT basics","Easy","mcq","Which SQL keyword is used to retrieve data from a database?","RETRIEVE","SELECT","FETCH","GET","B","SELECT is the standard SQL keyword used to query and retrieve data from tables.",""
"98","SQL","Transactions","Easy","mcq","What does ACID stand for in database transactions in SQL?","Atomicity, Consistency, Isolation, Durability","Atomicity, Concurrency, Integrity, Durability","Access, Control, Integrity, Data","Access, Consistency, Isolation, Data","A","ACID properties ensure reliable transaction processing: Atomicity, Consistency, Isolation, and Durability.",""
"99","SQL","Aggregate Functions","Easy","mcq","Which function returns the number of rows in a result set in SQL?","COUNT()","TOTAL()","NUM()","SUM()","A","COUNT() returns the number of rows that match the specified criteria.",""
"100","SQL","Normalization","Easy","mcq","What is the primary goal of database normalization?","To add more tables","To reduce data redundancy and improve data integrity","To remove all indexes","To increase query speed","B","Normalization organizes data to minimize redundancy and dependency, improving data integrity.",""
"101","SQL","DML (INSERT/UPDATE/DELETE)","Easy","mcq","Which statement adds a new row to a table?","CREATE ROW","INSERT INTO","APPEND","ADD ROW","B","INSERT INTO is the DML statement to add new rows to a table.",""
"102","SQL","JOINs (INNER/LEFT/RIGHT/FULL)","Easy","mcq","What does a LEFT JOIN return in SQL?","All rows from the right table and matched rows from the left","Only matching rows","A Cartesian product","All rows from the left table and matched rows from the right table","D","LEFT JOIN returns all rows from the left table plus matching rows from the right table; unmatched right-side columns are NULL.",""
"103","SQL","Transactions","Hard","mcq","What is a phantom read in SQL?","When a deadlock occurs","When a transaction re-reads a query and finds new rows inserted by another transaction","When a transaction reads uncommitted data","When a row is updated during a read","B","A phantom read occurs when a transaction re-executes a query and sees rows that were inserted by another committed transaction.",""
"104","SQL","DDL (CREATE/ALTER/DROP)","Medium","mcq","What does ALTER TABLE employees ADD COLUMN bonus DECIMAL(10,2); do in SQL?","Deletes the bonus column","Adds a new column named bonus to the employees table","Renames the employees table","Creates a new table called bonus","B","ALTER TABLE with ADD COLUMN adds a new column with the specified data type to an existing table.",""
"105","SQL","DDL (CREATE/ALTER/DROP)","Easy","mcq","What does DROP TABLE do?","Permanently removes the table and its data","Deletes all rows but keeps the table structure","Hides the table from queries","Removes only the table structure","A","DROP TABLE removes the entire table including its structure, data, indexes, and constraints.",""
"106","SQL","Aggregate Functions","Easy","mcq","Which function returns the largest value in a column?","TOP()","MAX()","HIGHEST()","LARGEST()","B","MAX() returns the maximum value found in the specified column.",""
"107","SQL","Subqueries","Easy","mcq","Where can a subquery be used in SQL?","Only in SELECT clause","Only in WHERE clause","Only in FROM clause","In SELECT, FROM, WHERE, and HAVING clauses","D","Subqueries can appear in the SELECT list, FROM clause (as a derived table), WHERE clause, or HAVING clause.",""
"108","SQL","DDL (CREATE/ALTER/DROP)","Easy","mcq","What constraint ensures that a column cannot have NULL values?","CHECK","NOT NULL","UNIQUE","DEFAULT","B","The NOT NULL constraint prevents a column from accepting NULL values.",""
"109","SQL","Aggregate Functions","Easy","mcq","Which function returns the number of rows in a result set?","NUM()","COUNT()","SUM()","TOTAL()","B","COUNT() returns the number of rows that match the specified criteria.",""
"110","SQL","SELECT basics","Easy","mcq","Which clause is used to rename a column in the result set?","AS","RENAME","LABEL","NAME","A","The AS keyword provides an alias for a column or table in the result set.",""
"111","SQL","SELECT basics","Easy","mcq","Which keyword limits the number of rows returned in MySQL?","TOP","LIMIT","ROWNUM","FETCH","B","In MySQL and PostgreSQL, LIMIT restricts the number of rows returned by a query.",""
"112","SQL","SELECT basics","Medium","mcq","What is the result of SELECT DISTINCT department FROM employees in SQL?","Unique department values only","Department names sorted alphabetically","All department values including duplicates","Count of departments","A","DISTINCT eliminates duplicate rows from the result set.",""
"113","SQL","Transactions","Medium","mcq","What does ROLLBACK do in SQL?","Saves the current transaction","Undoes all changes made in the current transaction","Starts a new transaction","Locks the table","B","ROLLBACK reverses all changes made since the last COMMIT or the start of the transaction.",""
"114","SQL","DDL (CREATE/ALTER/DROP)","Hard","mcq","What does CASCADE do in a DROP TABLE statement?","Prevents the table from being dropped","Deletes rows in related tables","Creates a backup before dropping","Automatically drops dependent objects like foreign keys and views","D","CASCADE automatically drops objects that depend on the table (such as foreign key constraints and views referencing it).",""
"115","SQL","Transactions","Easy","mcq","What does ACID stand for in database transactions in SQL?","Access, Control, Integrity, Data","Atomicity, Concurrency, Integrity, Durability","Atomicity, Consistency, Isolation, Durability","Access, Consistency, Isolation, Data","C","ACID properties ensure reliable transaction processing: Atomicity, Consistency, Isolation, and Durability.",""
"116","SQL","Indexes","Medium","mcq","What is the downside of having too many indexes on a table?","Slower INSERT, UPDATE, and DELETE operations","Increased data integrity","Reduced storage usage","Faster INSERT operations","A","Each index must be maintained during data modifications, so excessive indexes slow down write operations and consume additional storage.",""
"117","SQL","Indexes","Easy","mcq","What is the primary purpose of an index in a database?","To enforce uniqueness","To encrypt columns","To compress data","To speed up data retrieval","D","Indexes create a data structure that allows the database engine to find rows faster without scanning the entire table.",""
"118","SQL","DML (INSERT/UPDATE/DELETE)","Hard","mcq","What is the MERGE statement used for?","Joining two result sets","Combining two tables permanently","Merging duplicate rows","Performing INSERT, UPDATE, or DELETE in a single statement based on a condition","D","MERGE (also called UPSERT) conditionally inserts, updates, or deletes rows based on whether a match exists.",""
"119","SQL","Window Functions","Hard","mcq","What does NTILE(4) OVER (ORDER BY score DESC) do?","Calculates the 4th percentile","Returns every 4th row","Returns the top 4 scores","Divides the result set into 4 roughly equal groups ranked by score descending","D","NTILE(n) distributes rows into n approximately equal buckets based on the specified ordering.",""
"120","SQL","JOINs (INNER/LEFT/RIGHT/FULL)","Easy","mcq","Which JOIN returns only matching rows from both tables?","INNER JOIN","LEFT JOIN","FULL OUTER JOIN","RIGHT JOIN","A","INNER JOIN returns only the rows that have matching values in both tables.",""
"121","SQL","CTEs","Hard","mcq","What is a recursive CTE used for?","Replacing window functions","Improving query performance","Traversing hierarchical or tree-structured data","Defining permanent views","C","Recursive CTEs contain a self-referencing query and are ideal for hierarchical data like org charts or bill of materials.",""
"122","SQL","JOINs (INNER/LEFT/RIGHT/FULL)","Easy","mcq","What does a LEFT JOIN return in SQL?","A Cartesian product","All rows from the left table and matched rows from the right table","Only matching rows","All rows from the right table and matched rows from the left","B","LEFT JOIN returns all rows from the left table plus matching rows from the right table; unmatched right-side columns are NULL.",""
"123","SQL","JOINs (INNER/LEFT/RIGHT/FULL)","Medium","mcq","What is the result of a LEFT JOIN when no matching row exists in the right table in SQL?","The right table columns contain NULL","An error occurs","The row is excluded","The right columns contain empty strings","A","In a LEFT JOIN, when there is no match in the right table, all right-side columns are filled with NULL.",""
"124","SQL","DDL (CREATE/ALTER/DROP)","Medium","mcq","What does ALTER TABLE employees ADD COLUMN bonus DECIMAL(10,2); do in SQL?","Adds a new column named bonus to the employees table","Renames the employees table","Creates a new table called bonus","Deletes the bonus column","A","ALTER TABLE with ADD COLUMN adds a new column with the specified data type to an existing table.",""
"125","SQL","Indexes","Hard","mcq","What is a filtered index (partial index)?","An index on filtered views","An index that is automatically updated","An index that includes only rows meeting a specified condition","An index that filters query results","C","A filtered (partial) index includes only a subset of rows based on a WHERE predicate, reducing index size and improving performance.",""
"126","SQL","SELECT basics","Hard","mcq","What is the difference between UNION and UNION ALL in SQL?","They are identical","UNION ALL removes duplicates; UNION keeps all","UNION removes duplicates; UNION ALL keeps all rows including duplicates","UNION ALL only works with two tables","C","UNION eliminates duplicate rows (with extra overhead); UNION ALL retains all rows from both queries.",""
"127","SQL","Transactions","Medium","mcq","What is a deadlock?","When a table is locked permanently","When two or more transactions are waiting for each other to release locks","When a transaction runs for too long","When a connection times out","B","A deadlock occurs when two or more transactions each hold a lock and wait for the other to release theirs, creating a cycle.",""
"128","SQL","DDL (CREATE/ALTER/DROP)","Medium","mcq","What is the difference between DROP and TRUNCATE in SQL?","DROP removes the table entirely; TRUNCATE removes all rows but keeps the structure","DROP is faster than TRUNCATE","TRUNCATE removes the table; DROP removes rows","They are identical","A","DROP removes the table definition and data; TRUNCATE keeps the table structure but removes all rows quickly.",""
"129","SQL","Window Functions","Hard","mcq","Which window function returns a value from a preceding row without a self-join in SQL?","NTH_VALUE()","LEAD()","FIRST_VALUE()","LAG()","D","LAG() accesses data from a previous row in the same result set without needing a self-join.",""
"130","SQL","Window Functions","Medium","mcq","What does ROW_NUMBER() do in SQL?","Returns the row's physical position","Assigns a unique sequential integer to each row within a partition","Numbers only duplicate rows","Counts the total rows in the table","B","ROW_NUMBER() assigns a sequential number starting at 1 for each row in the partition ordered as specified.",""
"131","SQL","DDL (CREATE/ALTER/DROP)","Medium","mcq","What is the difference between DROP and TRUNCATE?","DROP removes the table entirely; TRUNCATE removes all rows but keeps the structure","TRUNCATE removes the table; DROP removes rows","They are identical","DROP is faster than TRUNCATE","A","DROP removes the table definition and data; TRUNCATE keeps the table structure but removes all rows quickly.",""
"132","SQL","WHERE/ORDER BY/GROUP BY/HAVING","Medium","mcq","What does the BETWEEN operator include?","Neither boundary value","Only the start value","Only the end value","Both the start and end values (inclusive)","D","BETWEEN is inclusive on both ends: WHERE x BETWEEN 1 AND 10 includes both 1 and 10.",""
"133","SQL","DDL (CREATE/ALTER/DROP)","Hard","mcq","Which ALTER TABLE command adds a NOT NULL constraint to an existing column?","ALTER TABLE t MODIFY col NULL = FALSE","ALTER TABLE t CHANGE col NOT NULL","ALTER TABLE t ADD NOT NULL ON col","ALTER TABLE t ALTER COLUMN col SET NOT NULL","D","The standard syntax uses ALTER COLUMN ... SET NOT NULL (exact syntax varies by DBMS).",""
"134","SQL","Transactions","Medium","mcq","What is a savepoint in SQL?","A point within a transaction to which you can later roll back","A type of lock","A commit point","A backup of the database","A","A savepoint marks a point in a transaction so you can roll back to it without rolling back the entire transaction.",""
"135","SQL","Normalization","Medium","mcq","What is denormalization?","Deleting unused tables","Removing all primary keys","Intentionally adding redundancy to improve read performance","Converting to NoSQL","C","Denormalization adds controlled redundancy (e.g., duplicating data) to reduce the number of joins and speed up read queries.",""
"136","SQL","Query Optimization","Medium","mcq","What is an index scan vs an index seek in SQL?","They are the same operation","A scan is always faster","A seek goes directly to specific rows; a scan reads the entire index","A seek reads the entire table","C","An index seek efficiently navigates the B-tree to find specific rows; an index scan reads all entries in the index sequentially.",""
"137","SQL","Views","Hard","mcq","Under what condition can you INSERT into a view in SQL?","Only if the view has a UNION","Never","When the view is based on a single table and includes all NOT NULL columns","Always","C","A view is updatable if it maps directly to a single base table and includes all columns that do not have default values.",""
"138","SQL","Window Functions","Hard","mcq","Which window function returns a value from a preceding row without a self-join in SQL?","LEAD()","LAG()","FIRST_VALUE()","NTH_VALUE()","B","LAG() accesses data from a previous row in the same result set without needing a self-join.",""
"139","SQL","Views","Hard","mcq","Under what condition can you INSERT into a view?","Always","When the view is based on a single table and includes all NOT NULL columns","Only if the view has a UNION","Never","B","A view is updatable if it maps directly to a single base table and includes all columns that do not have default values.",""
"140","SQL","JOINs (INNER/LEFT/RIGHT/FULL)","Hard","mcq","What is a self-join and when is it useful?","A join that uses no ON clause","A join limited to two columns","A table joined to itself, useful for hierarchical or comparative queries","A join that automatically matches primary keys","C","A self-join joins a table to itself using aliases, commonly used for hierarchical data like employee-manager relationships.",""
"141","SQL","DML (INSERT/UPDATE/DELETE)","Easy","mcq","Which statement adds a new row to a table in SQL?","INSERT INTO","ADD ROW","CREATE ROW","APPEND","A","INSERT INTO is the DML statement to add new rows to a table.",""
"142","SQL","Transactions","Easy","mcq","What SQL command saves all changes made during a transaction?","COMMIT","APPLY","FINISH","SAVE","A","COMMIT permanently saves all changes made during the current transaction.",""
"143","SQL","WHERE/ORDER BY/GROUP BY/HAVING","Medium","mcq","What is the difference between WHERE and HAVING?","WHERE works only with numbers; HAVING works with strings","They are interchangeable","WHERE filters rows before grouping; HAVING filters groups after grouping","HAVING filters rows before grouping; WHERE filters groups after","C","WHERE is applied before GROUP BY; HAVING is applied after GROUP BY to filter aggregated results.",""
"144","SQL","Query Optimization","Easy","mcq","What SQL command shows the execution plan of a query?","ANALYZE","DESCRIBE","SHOW PLAN","EXPLAIN","D","EXPLAIN (or EXPLAIN PLAN) displays how the database engine will execute a query, showing join methods, index usage, etc.",""
"145","SQL","JOINs (INNER/LEFT/RIGHT/FULL)","Medium","mcq","What is a CROSS JOIN?","A Cartesian product of two tables","A join that removes duplicates","A self-referencing join","A join that matches rows on a condition","A","A CROSS JOIN produces the Cartesian product, combining every row from the first table with every row from the second.",""
"146","SQL","Normalization","Medium","mcq","What does Third Normal Form (3NF) require?","Only atomic values in each column","No foreign keys","A primary key on every column","2NF plus no transitive dependencies on the primary key","D","3NF requires that the table is in 2NF and that no non-key column depends on another non-key column (no transitive dependency).",""
"147","SQL","Subqueries","Hard","mcq","What is the difference between IN and EXISTS for subqueries in SQL?","EXISTS cannot be used with correlated subqueries","They are always identical in performance","IN is always faster","EXISTS checks for row existence and is often faster for large subquery results; IN compares values","D","EXISTS short-circuits once a match is found and works well with correlated subqueries; IN materializes the subquery result for comparison.",""
"148","SQL","Subqueries","Medium","mcq","What is a correlated subquery in SQL?","A subquery that references a column from the outer query","A subquery inside a HAVING clause","A subquery that runs independently","A subquery that returns exactly one row","A","A correlated subquery depends on the outer query for its values and is re-evaluated for each outer row.",""
"149","SQL","JOINs (INNER/LEFT/RIGHT/FULL)","Medium","mcq","What is the result of a LEFT JOIN when no matching row exists in the right table?","The right table columns contain NULL","The right columns contain empty strings","An error occurs","The row is excluded","A","In a LEFT JOIN, when there is no match in the right table, all right-side columns are filled with NULL.",""
"150","SQL","WHERE/ORDER BY/GROUP BY/HAVING","Medium","mcq","What is the difference between WHERE and HAVING in SQL?","WHERE works only with numbers; HAVING works with strings","They are interchangeable","WHERE filters rows before grouping; HAVING filters groups after grouping","HAVING filters rows before grouping; WHERE filters groups after","C","WHERE is applied before GROUP BY; HAVING is applied after GROUP BY to filter aggregated results.",""
"151","SQL","JOINs (INNER/LEFT/RIGHT/FULL)","Medium","mcq","What is a CROSS JOIN in SQL?","A join that removes duplicates","A join that matches rows on a condition","A Cartesian product of two tables","A self-referencing join","C","A CROSS JOIN produces the Cartesian product, combining every row from the first table with every row from the second.",""
"152","SQL","Query Optimization","Medium","mcq","What is a table scan in SQL?","Reading every row in a table to find matching rows","A method to update statistics","A type of JOIN operation","Scanning index entries only","A","A table scan (full table scan) reads every row sequentially, which is inefficient for large tables with selective queries.",""
"153","SQL","WHERE/ORDER BY/GROUP BY/HAVING","Hard","mcq","Can you use a column alias defined in SELECT inside the WHERE clause in SQL?","No, because WHERE is processed before SELECT","Yes, always","Only with numeric aliases","Only in MySQL","A","Because WHERE is logically processed before SELECT, column aliases from SELECT are not available in WHERE.",""
"154","SQL","Transactions","Easy","mcq","What does ACID stand for in database transactions?","Access, Control, Integrity, Data","Access, Consistency, Isolation, Data","Atomicity, Consistency, Isolation, Durability","Atomicity, Concurrency, Integrity, Durability","C","ACID properties ensure reliable transaction processing: Atomicity, Consistency, Isolation, and Durability.",""
"155","SQL","Window Functions","Easy","mcq","Do window functions reduce the number of rows in the result set in SQL?","Yes, they group rows like GROUP BY","No, they add computed values without reducing rows","Only RANK() reduces rows","Yes, they filter rows","B","Unlike aggregate functions with GROUP BY, window functions compute values across a set of rows while retaining all original rows.",""
"156","SQL","SELECT basics","Easy","mcq","Which SQL keyword is used to retrieve data from a database in SQL?","SELECT","GET","FETCH","RETRIEVE","A","SELECT is the standard SQL keyword used to query and retrieve data from tables.",""
"157","SQL","Subqueries","Easy","mcq","What is a subquery?","A type of index","A temporary table","A query nested inside another query","A stored procedure","C","A subquery (or inner query) is a SELECT statement embedded within another SQL statement.",""
"158","SQL","Aggregate Functions","Hard","mcq","Can aggregate functions be nested, such as MAX(AVG(salary)) in SQL?","Yes, always","Only in PostgreSQL","Only with GROUP BY","Not directly in standard SQL; you need a subquery or CTE","D","Standard SQL does not allow nested aggregates directly. You must use a subquery or CTE to first compute the inner aggregate.",""
"159","SQL","DML (INSERT/UPDATE/DELETE)","Medium","mcq","What does INSERT INTO ... SELECT do in SQL?","Inserts rows from a SELECT query result into a table","Updates existing rows","Creates a new table from a query","Copies the table structure only","A","INSERT INTO ... SELECT copies data from one or more tables into another table using the results of a SELECT query.",""
"160","SQL","Query Optimization","Easy","mcq","What SQL command shows the execution plan of a query in SQL?","ANALYZE","SHOW PLAN","DESCRIBE","EXPLAIN","D","EXPLAIN (or EXPLAIN PLAN) displays how the database engine will execute a query, showing join methods, index usage, etc.",""
"161","SQL","JOINs (INNER/LEFT/RIGHT/FULL)","Easy","mcq","What keyword is used to combine rows from two tables based on a related column?","UNION","MERGE","JOIN","COMBINE","C","JOIN is used to combine rows from two or more tables based on a related column between them.",""
"162","SQL","Transactions","Hard","mcq","Which isolation level allows dirty reads in SQL?","SERIALIZABLE","READ COMMITTED","READ UNCOMMITTED","REPEATABLE READ","C","READ UNCOMMITTED is the lowest isolation level and allows reading data that has been modified but not yet committed by other transactions.",""
"163","SQL","Views","Medium","mcq","What is a materialized view?","A view that cannot be queried","A view that stores the result set physically and can be refreshed","A view that is always up-to-date","A regular view with an index","B","A materialized view physically stores query results and must be refreshed to reflect changes in the underlying data.",""
"164","SQL","WHERE/ORDER BY/GROUP BY/HAVING","Hard","mcq","What does GROUP BY ROLLUP do?","Removes duplicate groups","Limits the number of groups","Orders groups in reverse","Creates subtotals for each grouping level and a grand total","D","ROLLUP generates subtotal rows for the hierarchy of grouped columns plus a grand total row.",""
"165","SQL","Query Optimization","Hard","mcq","What is predicate pushdown in query optimization?","Removing predicates from the query","Rewriting subqueries as joins","Moving filter conditions closer to the data source to reduce the amount of data processed","Adding indexes automatically","C","Predicate pushdown moves WHERE conditions as early as possible in the query plan to filter data before expensive operations like joins.",""
"166","SQL","Indexes","Medium","mcq","What is a clustered index?","An index that allows duplicate values","An index that determines the physical order of data in a table","An index stored in a separate file","An index on multiple columns","B","A clustered index sorts and stores the data rows of the table based on the index key. A table can have only one clustered index.",""
"167","SQL","Transactions","Hard","mcq","What is a phantom read?","When a deadlock occurs","When a transaction re-reads a query and finds new rows inserted by another transaction","When a row is updated during a read","When a transaction reads uncommitted data","B","A phantom read occurs when a transaction re-executes a query and sees rows that were inserted by another committed transaction.",""
"168","SQL","DDL (CREATE/ALTER/DROP)","Medium","mcq","What is the difference between DROP and TRUNCATE in SQL?","DROP removes the table entirely; TRUNCATE removes all rows but keeps the structure","DROP is faster than TRUNCATE","TRUNCATE removes the table; DROP removes rows","They are identical","A","DROP removes the table definition and data; TRUNCATE keeps the table structure but removes all rows quickly.",""
"169","SQL","Query Optimization","Easy","mcq","What does adding an index to a column used in WHERE clauses typically do?","Slows down the query","Has no effect","Removes duplicates","Speeds up the query by allowing the database to locate rows faster","D","An index on a frequently filtered column allows the database to quickly locate relevant rows instead of scanning the entire table.",""
"170","SQL","Subqueries","Hard","mcq","What is the difference between IN and EXISTS for subqueries?","They are always identical in performance","EXISTS cannot be used with correlated subqueries","EXISTS checks for row existence and is often faster for large subquery results; IN compares values","IN is always faster","C","EXISTS short-circuits once a match is found and works well with correlated subqueries; IN materializes the subquery result for comparison.",""
"171","SQL","Aggregate Functions","Hard","mcq","Can aggregate functions be nested, such as MAX(AVG(salary))?","Not directly in standard SQL; you need a subquery or CTE","Only with GROUP BY","Only in PostgreSQL","Yes, always","A","Standard SQL does not allow nested aggregates directly. You must use a subquery or CTE to first compute the inner aggregate.",""
"172","SQL","Window Functions","Medium","mcq","What does ROW_NUMBER() do?","Numbers only duplicate rows","Returns the row's physical position","Counts the total rows in the table","Assigns a unique sequential integer to each row within a partition","D","ROW_NUMBER() assigns a sequential number starting at 1 for each row in the partition ordered as specified.",""
"173","SQL","Query Optimization","Medium","mcq","Why should you avoid SELECT * in production queries?","It is not valid SQL","It only works with one table","It causes syntax errors","It retrieves unnecessary columns, increasing I/O and memory usage","D","SELECT * fetches all columns, which wastes resources and can break applications if the schema changes.",""
"174","SQL","Subqueries","Hard","mcq","Which keyword checks for the existence of any rows returned by a subquery?","SOME","EXISTS","IN","ANY","B","EXISTS returns TRUE if the subquery returns one or more rows, regardless of the actual data.",""
"175","SQL","Aggregate Functions","Medium","mcq","What does SUM(DISTINCT column) do?","Returns the count of distinct values","Sums only the unique values in the column","Sums all values including duplicates","Returns an error","B","SUM(DISTINCT col) eliminates duplicate values before calculating the sum.",""
"176","SQL","SELECT basics","Easy","output","What is the output?","result: 1","result: 0","result: 3","result: 3.33","A","The modulo operator % returns the remainder of 10 divided by 3, which is 1.","SELECT 10 % 3 AS result;"
"177","SQL","SELECT basics","Medium","output","What does this query return?","val: default","Error","val: NULL","val: empty string","A","COALESCE returns the first non-NULL argument, which is 'default'.","SELECT COALESCE(NULL, NULL, 'default') AS val;"
"178","SQL","SELECT basics","Medium","output","What is the result?","Error","answer: NULL","answer: No","answer: Yes","D","10 > 5 is TRUE, so the CASE expression returns 'Yes'.","SELECT CASE WHEN 10 > 5 THEN 'Yes' ELSE 'No' END AS answer;"
"179","SQL","DML (INSERT/UPDATE/DELETE)","Easy","output","Given t(id INT, name VARCHAR). What does this produce?","2","1","0","Error","A","Two rows are inserted, so COUNT(*) returns 2.","INSERT INTO t VALUES (1, 'Alice'), (2, 'Bob');
SELECT COUNT(*) FROM t;"
"180","SQL","Window Functions","Hard","output","Given the SQL below, what is the output?","A:1, B:2, C:3, D:4","A:1, B:2, C:2, D:4","A:1, B:2, C:2, D:3","A:1, B:1, C:2, D:3","B","RANK() assigns 1 to A, 2 to B and C (tied), then skips 3 and assigns 4 to D.","SELECT name, RANK() OVER (ORDER BY salary) AS rnk FROM emp;"
"181","SQL","Aggregate Functions","Medium","output","Given t(grp, val): (A,10),(A,20),(A,NULL),(B,30). What is the output?","A: cnt=3, total=30 and B: cnt=1, total=30","Error","A: cnt=2, total=30 and B: cnt=1, total=30","A: cnt=2, total=30","C","COUNT(val) skips NULLs: A has 2 non-NULL vals (10,20). SUM also ignores NULL: 10+20=30.","SELECT grp, COUNT(val) AS cnt, SUM(val) AS total FROM t GROUP BY grp;"
"182","SQL","Query Optimization","Hard","output","Given the SQL below, what is the output?","Query B, because the addition is optimized away","Neither can use the index","Query A, because Query B's expression prevents index usage","Both are equally efficient","C","Applying a function or expression to an indexed column (dept_id + 0) prevents the optimizer from using the index (SARGability).","-- Query A:
SELECT * FROM emp WHERE dept_id = 5;
-- Query B:
SELECT * FROM emp WHERE dept_id + 0 = 5;"
"183","SQL","DDL (CREATE/ALTER/DROP)","Medium","output","What does this DDL statement produce?","An error because CREATE TABLE AS is not valid","A view named test","A new table 'test' with one column containing unique department values","An empty table","C","CREATE TABLE ... AS SELECT creates a new table from the result set of the query.","CREATE TABLE test AS SELECT DISTINCT department FROM employees;"
"184","SQL","JOINs (INNER/LEFT/RIGHT/FULL)","Medium","output","Given the SQL below, what is the output?","X|P and Y|NULL (2 rows)","Error","Y|NULL (1 row)","X|P (1 row)","A","LEFT JOIN returns all rows from A. X matches B (val=P), Y has no match (val=NULL).","SELECT A.name, B.val FROM A LEFT JOIN B ON A.id = B.a_id;"
"185","SQL","SELECT basics","Medium","output","Given the SQL below, what is the output?","result: 12","result: 210","result: 20","result: 1024","D","POWER(2, 10) computes 2^10 = 1024.","SELECT POWER(2, 10) AS result;"
"186","SQL","Window Functions","Easy","output","Given t(dept, salary): (A,100),(A,200),(B,150). What does this return?","(A,100,300),(A,200,300),(B,150,150)","(A,300,300),(B,150,150)","Error","(A,100,100),(A,200,200),(B,150,150)","A","SUM with PARTITION BY dept calculates the sum per department while keeping all rows. Dept A total=300, B total=150.","SELECT dept, salary, SUM(salary) OVER (PARTITION BY dept) AS dept_total FROM t;"
"187","SQL","Normalization","Hard","output","Given: orders(order_id, customer_name, customer_city, product, quantity). Which normal form is violated and why?","Table is fully normalized","2NF: customer_city depends on customer_name, not the full primary key","1NF: values are not atomic","3NF: there are no transitive dependencies","B","customer_city depends on customer_name (partial dependency if composite PK, transitive if single PK), violating 2NF/3NF.","-- orders table:
-- order_id | customer_name | customer_city | product | quantity
-- 1        | Alice         | NYC           | Widget  | 5
-- 2        | Alice         | NYC           | Gadget  | 3"
"188","SQL","Aggregate Functions","Easy","output","Given t(val): (5),(3),(8),(1). What is the output?","Error","minimum: 3, maximum: 5","minimum: 1, maximum: 8","minimum: 5, maximum: 3","C","MIN returns the smallest value (1) and MAX returns the largest (8).","SELECT MIN(val) AS minimum, MAX(val) AS maximum FROM t;"
"189","SQL","WHERE/ORDER BY/GROUP BY/HAVING","Medium","output","Given orders(cust_id, amount): (1,100),(1,200),(2,50),(2,150),(3,300). What is the output?","cust_id 3: 300 and cust_id 1: 300","All 3 customers","cust_id 1: 300 and cust_id 3: 300","Error","C","Totals: cust 1=300, cust 2=200, cust 3=300. ORDER BY total DESC with LIMIT 2 returns cust 3 and cust 1 (both 300, order depends on DBMS).","SELECT cust_id, SUM(amount) AS total FROM orders GROUP BY cust_id ORDER BY total DESC LIMIT 2;"
"190","SQL","Window Functions","Hard","output","Given t(dt, val): ('2025-01-01',10),('2025-01-02',20),('2025-01-03',30). What is the result?","('2025-01-01',10,60),('2025-01-02',20,60),('2025-01-03',30,60)","('2025-01-01',10,10),('2025-01-02',20,30),('2025-01-03',30,60)","('2025-01-01',10,10),('2025-01-02',20,20),('2025-01-03',30,30)","Error","B","This computes a running total: 10, 10+20=30, 10+20+30=60.","SELECT dt, val, SUM(val) OVER (ORDER BY dt ROWS BETWEEN UNBOUNDED PRECEDING AND CURRENT ROW) AS running_total FROM t;"
"191","SQL","Transactions","Medium","output","Given the SQL below, what is the output?","Error","val: 30","val: 20","val: 10","C","The update to 30 is rolled back to savepoint sp1, restoring val to 20. Then COMMIT saves val=20.","BEGIN;
UPDATE t SET val = 20;
SAVEPOINT sp1;
UPDATE t SET val = 30;
ROLLBACK TO sp1;
COMMIT;"
"192","SQL","DML (INSERT/UPDATE/DELETE)","Hard","output","Given t(id, val): (1,100),(2,200). What does this produce?","2 rows unchanged","4 rows: (1,200),(2,400),(11,200),(12,400)","Error","4 rows: (1,100),(2,200),(11,200),(12,400)","D","INSERT...SELECT adds new rows (11,200) and (12,400) based on existing data. Original rows remain unchanged.","INSERT INTO t (id, val) SELECT id + 10, val * 2 FROM t;"
"193","SQL","Subqueries","Medium","output","Given the SQL below, what is the output?","No rows","A","C","B, C","C","AVG(salary) = 50000. Only C has salary (60000) > 50000.","SELECT name FROM employees WHERE salary > (SELECT AVG(salary) FROM employees);"
"194","SQL","JOINs (INNER/LEFT/RIGHT/FULL)","Easy","output","Given the SQL below, what is the output?","No rows","X|P (1 row)","X|P and X|Q (2 rows)","X|P, X|Q, Y|NULL (3 rows)","C","INNER JOIN only returns matching rows. A.id=1 matches both B rows, so we get X|P and X|Q. Y has no match.","SELECT A.name, B.val FROM A INNER JOIN B ON A.id = B.a_id;"
"195","SQL","SELECT basics","Hard","output","Given the SQL below, what is the output?","result: NULL (or unknown)","result: FALSE","result: TRUE","Error","A","Comparing NULL with = yields NULL (unknown), not TRUE. Use IS NULL to test for NULL.","SELECT NULL = NULL AS result;"
"196","SQL","CTEs","Medium","output","Given products(name, price): (A,10),(B,20),(C,30). What does this return?","cnt: 2","cnt: 3","cnt: 1","Error","A","The CTE selects B and C (price > 15). COUNT(*) returns 2.","WITH expensive AS (SELECT name FROM products WHERE price > 15)
SELECT COUNT(*) AS cnt FROM expensive;"
"197","SQL","WHERE/ORDER BY/GROUP BY/HAVING","Easy","output","Given t(name): ('Alice'),('Bob'),('Anna'). What is the output?","Anna, Alice","Alice","Alice, Anna, Bob","Alice, Anna","D","LIKE 'A%' matches names starting with A: Alice and Anna. ORDER BY sorts them alphabetically.","SELECT name FROM t WHERE name LIKE 'A%' ORDER BY name;"
"198","SQL","SELECT basics","Easy","output","What is the result of this query?","len: 2","len: 4","len: 3","Error","C","LENGTH returns the number of characters in the string 'SQL', which is 3.","SELECT LENGTH('SQL') AS len;"
"199","SQL","SELECT basics","Hard","output","Given the SQL below, what is the output?","result: 15.5","result: 15.57","result: 16","result: 15.6","D","ROUND(15.567, 1) rounds to 1 decimal place: 15.6.","SELECT ROUND(15.567, 1) AS result;"
"200","SQL","JOINs (INNER/LEFT/RIGHT/FULL)","Hard","output","Tables: emp(id,name,mgr_id): (1,'CEO',NULL),(2,'VP',1),(3,'Dev',2). What does this self-join return?","(VP,CEO),(Dev,VP)","(CEO,NULL),(VP,CEO),(Dev,VP)","(CEO,NULL)","Error","B","The self-join matches each employee to their manager. CEO has no manager (NULL), VP reports to CEO, Dev reports to VP.","SELECT e.name AS employee, m.name AS manager FROM emp e LEFT JOIN emp m ON e.mgr_id = m.id;"
"201","SQL","Subqueries","Medium","output","Given employees(name, salary): (A,40000),(B,50000),(C,60000). What does this return?","C","A","No rows","B, C","A","AVG(salary) = 50000. Only C has salary (60000) > 50000.","SELECT name FROM employees WHERE salary > (SELECT AVG(salary) FROM employees);"
"202","SQL","SELECT basics","Medium","output","What is the output?","result: 0","Error","result: 10","result: NULL","D","NULLIF returns NULL when both arguments are equal.","SELECT NULLIF(10, 10) AS result;"
"203","SQL","Subqueries","Hard","output","Given emp(id,dept_id,salary): (1,1,50000),(2,1,60000),(3,2,70000),(4,2,80000). What does this return?","id:4 salary:80000 only","Error","All 4 rows","id:2 salary:60000 and id:4 salary:80000","D","The correlated subquery finds the max salary per department. id=2 has the max in dept 1, id=4 in dept 2.","SELECT e.id, e.salary FROM emp e WHERE e.salary = (SELECT MAX(salary) FROM emp e2 WHERE e2.dept_id = e.dept_id);"
"204","SQL","SELECT basics","Hard","output","What is the result?","Error","future_date: 2025-01-25","future_date: 2025-01-15","future_date: 2025-02-15","B","Adding 10 days to January 15 gives January 25.","SELECT CAST('2025-01-15' AS DATE) + INTERVAL '10' DAY AS future_date;"
"205","SQL","SELECT basics","Easy","output","What is the output of the following SQL query?","result: 2","Error","result: 11","result: NULL","A","1 + 1 is an arithmetic expression that evaluates to 2.","SELECT 1 + 1 AS result;"
"206","SQL","CTEs","Hard","output","Given the SQL below, what is the output?","Error","13","5","8","D","This generates Fibonacci numbers. At n=7: sequence is 0,1,1,2,3,5,8. Column 'a' at n=7 is 8.","WITH RECURSIVE fib(n, a, b) AS (
  SELECT 1, 0, 1
  UNION ALL
  SELECT n+1, b, a+b FROM fib WHERE n < 7
)
SELECT a FROM fib WHERE n = 7;"
"207","SQL","CTEs","Hard","output","What does this recursive CTE produce?","Infinite loop","1, 2, 3, 4","1","1, 2, 3, 4, 5","D","The anchor returns 1, then recursion adds 1 each time until n reaches 5.","WITH RECURSIVE nums AS (
  SELECT 1 AS n
  UNION ALL
  SELECT n + 1 FROM nums WHERE n < 5
)
SELECT n FROM nums;"
"208","SQL","SELECT basics","Hard","output","Given the SQL below, what is the output?","result: 16","result: 15.6","result: 15.57","result: 15.5","B","ROUND(15.567, 1) rounds to 1 decimal place: 15.6.","SELECT ROUND(15.567, 1) AS result;"
"209","SQL","Transactions","Medium","output","Given t(val): (10). What is the final state of val after these statements?","val: 20","val: 30","Error","val: 10","A","The update to 30 is rolled back to savepoint sp1, restoring val to 20. Then COMMIT saves val=20.","BEGIN;
UPDATE t SET val = 20;
SAVEPOINT sp1;
UPDATE t SET val = 30;
ROLLBACK TO sp1;
COMMIT;"
"210","SQL","WHERE/ORDER BY/GROUP BY/HAVING","Hard","output","Given the SQL below, what is the output?","c1: 3, c2: 4","c1: 4, c2: 4","c1: 3, c2: 3","c1: 4, c2: 3","D","COUNT(*) counts all rows (4), COUNT(val) skips the NULL row (3).","SELECT COUNT(*) AS c1, COUNT(val) AS c2 FROM data;"
"211","SQL","Normalization","Medium","output","Given the SQL below, what is the output?","Cannot determine","Yes, it is in 1NF","It is in 3NF","No, because courses are stored as repeating groups in separate columns","D","Having course1, course2, course3 as separate columns is a repeating group, violating 1NF. Courses should be in a separate table.","-- Table: students
-- Columns: id, name, course1, course2, course3
-- Row example: (1, 'Alice', 'Math', 'Science', NULL)"
"212","SQL","SELECT basics","Easy","output","What is the result?","Error","result: hello  ","result:   hello  ","result: hello","D","TRIM removes leading and trailing whitespace from the string.","SELECT TRIM('  hello  ') AS result;"
"213","SQL","SELECT basics","Easy","output","What is the output?","Error","result: HELLO","result: hello","result: Hello","B","UPPER converts all characters to uppercase.","SELECT UPPER('hello') AS result;"
"214","SQL","SELECT basics","Easy","output","What does this query return?","Error","NULL","greeting: Hello World","greeting: HelloWorld","C","The || operator concatenates strings in standard SQL.","SELECT 'Hello' || ' ' || 'World' AS greeting;"
"215","SQL","Indexes","Medium","output","What does this statement create?","A check constraint","A regular index that allows duplicates","A primary key on email","A unique index that prevents duplicate email values","D","CREATE UNIQUE INDEX creates an index that also enforces uniqueness on the email column.","CREATE UNIQUE INDEX idx_email ON users(email);"
"216","SQL","SELECT basics","Hard","output","What is the output?","result: 15.5","result: 16","result: 15.6","result: 15.57","C","ROUND(15.567, 1) rounds to 1 decimal place: 15.6.","SELECT ROUND(15.567, 1) AS result;"
"217","SQL","DDL (CREATE/ALTER/DROP)","Easy","output","What type of object does this create?","A temporary table that is auto-deleted","A table with an integer primary key and a decimal column","An index","A view","B","CREATE TABLE creates a permanent table. The name 'temp_results' does not make it temporary; CREATE TEMPORARY TABLE would.","CREATE TABLE temp_results (
  id INT PRIMARY KEY,
  score DECIMAL(5,2)
);"
"218","SQL","CTEs","Hard","output","What does this query return?","8","13","Error","5","A","This generates Fibonacci numbers. At n=7: sequence is 0,1,1,2,3,5,8. Column 'a' at n=7 is 8.","WITH RECURSIVE fib(n, a, b) AS (
  SELECT 1, 0, 1
  UNION ALL
  SELECT n+1, b, a+b FROM fib WHERE n < 7
)
SELECT a FROM fib WHERE n = 7;"
"219","SQL","SELECT basics","Hard","output","What is the result?","result: NULL (or unknown)","result: FALSE","Error","result: TRUE","A","Comparing NULL with = yields NULL (unknown), not TRUE. Use IS NULL to test for NULL.","SELECT NULL = NULL AS result;"
"220","SQL","Query Optimization","Medium","output","What does EXPLAIN show for this query on a table with no index on 'name'?","A full table scan (Seq Scan / TABLE ACCESS FULL)","A hash join","An index seek","No output","A","Without an index on 'name', the database must perform a full table scan to find matching rows.","EXPLAIN SELECT * FROM employees WHERE name = 'Alice';"
"221","SQL","Aggregate Functions","Hard","output","Given t(dept, emp_name): (A,'X'),(A,'Y'),(B,'Z'). What is the output in PostgreSQL?","A: 'Y, X' and B: 'Z'","Error","A: 'X, Y' and B: 'Z'","A: 'XY' and B: 'Z'","C","STRING_AGG concatenates values with the separator. ORDER BY inside ensures alphabetical order: X, Y.","SELECT dept, STRING_AGG(emp_name, ', ' ORDER BY emp_name) AS members FROM t GROUP BY dept;"
"222","SQL","Window Functions","Hard","output","Given emp(name, salary): (A,50000),(B,60000),(C,60000),(D,70000). What does DENSE_RANK() return?","A:1, B:1, C:2, D:3","A:1, B:2, C:2, D:4","A:1, B:2, C:3, D:4","A:1, B:2, C:2, D:3","D","DENSE_RANK() assigns 1 to A, 2 to B and C (tied), and 3 to D without skipping.","SELECT name, DENSE_RANK() OVER (ORDER BY salary) AS drnk FROM emp;"
"223","SQL","Aggregate Functions","Easy","output","Given t(val): (10),(20),(30),(40),(50). What is the output?","cnt: 2","cnt: 4","cnt: 5","cnt: 3","D","Values greater than 25 are 30, 40, 50 - that's 3 rows.","SELECT COUNT(*) AS cnt FROM t WHERE val > 25;"
"224","SQL","DML (INSERT/UPDATE/DELETE)","Medium","output","Given t(id, val): (1,10),(2,20),(3,30). After this statement, how many rows remain?","2 rows: (1,10),(2,20)","3 rows","1 row: (3,30)","0 rows","C","DELETE removes rows where val < 25 (rows with val 10 and 20), leaving only (3,30).","DELETE FROM t WHERE val < 25;"
"225","SQL","Subqueries","Easy","output","Given departments(id,name): (1,'HR'),(2,'IT'). employees(dept_id,name): (1,'Alice'),(1,'Bob'). What is the output?","IT","No rows","HR, IT","HR","D","The subquery returns dept_id=1 only. So only 'HR' (id=1) matches.","SELECT name FROM departments WHERE id IN (SELECT DISTINCT dept_id FROM employees);"
"226","SQL","DML (INSERT/UPDATE/DELETE)","Easy","output","Given t(id, name): (1,'A'),(2,'B'). After this statement, what is in the table?","Error","(1,'A'),(2,'B')","(1,'Z'),(2,'B')","(1,'Z'),(2,'Z')","C","UPDATE changes the name to 'Z' only where id=1.","UPDATE t SET name = 'Z' WHERE id = 1;"
"227","SQL","Views","Hard","output","What happens if you INSERT a row with salary=30000 into this view?","The row is inserted successfully","An error unrelated to CHECK OPTION","The INSERT is rejected because salary 30000 does not satisfy the view condition","The view is dropped","C","WITH CHECK OPTION prevents modifications that would create rows not visible through the view.","CREATE VIEW high_sal AS
SELECT * FROM employees WHERE salary > 50000
WITH CHECK OPTION;"
"228","SQL","Aggregate Functions","Hard","output","Given sales(region, amount): (N,100),(N,200),(S,150),(S,250),(S,300). What is the output?","N | 300 and S | 700","S | 700","N | 300","No rows","B","N total=300, S total=700. Only S exceeds 500.","SELECT region, SUM(amount) AS total FROM sales GROUP BY region HAVING SUM(amount) > 500;"
"229","SQL","JOINs (INNER/LEFT/RIGHT/FULL)","Medium","output","Tables: dept(id,name): (1,'HR'),(2,'IT'),(3,'Sales'). emp(id,dept_id,name): (1,1,'Alice'),(2,1,'Bob'),(3,2,'Charlie'). How many rows does this return?","3 rows","2 rows","5 rows","4 rows (HR-Alice, HR-Bob, IT-Charlie, Sales-NULL)","D","LEFT JOIN keeps all dept rows. HR matches 2 employees, IT matches 1, Sales matches none (NULL).","SELECT d.name, e.name FROM dept d LEFT JOIN emp e ON d.id = e.dept_id;"
"230","SQL","DML (INSERT/UPDATE/DELETE)","Medium","output","Given t(id, val): (1,10),(2,20),(3,30). What is the result after this statement?","(1,15),(2,20),(3,35)","Error","(1,10),(2,20),(3,30)","(1,15),(2,25),(3,35)","A","UPDATE adds 5 to val for id 1 and 3 only. id=2 remains unchanged.","UPDATE t SET val = val + 5 WHERE id IN (1, 3);
SELECT * FROM t ORDER BY id;"
"231","SQL","JOINs (INNER/LEFT/RIGHT/FULL)","Easy","output","Tables: A(id,name): (1,'X'),(2,'Y'). B(id,a_id,val): (1,1,'P'),(2,1,'Q'). What does this return?","No rows","X|P, X|Q, Y|NULL (3 rows)","X|P and X|Q (2 rows)","X|P (1 row)","C","INNER JOIN only returns matching rows. A.id=1 matches both B rows, so we get X|P and X|Q. Y has no match.","SELECT A.name, B.val FROM A INNER JOIN B ON A.id = B.a_id;"
"232","SQL","Window Functions","Medium","output","Given t(id, val): (1,10),(2,20),(3,30). What does LEAD return?","(1,10,20),(2,20,30),(3,30,0)","(1,10,NULL),(2,20,10),(3,30,20)","Error","(1,10,0),(2,20,10),(3,30,20)","A","LEAD gets the next row's value. The third argument (0) is the default for the last row which has no next row.","SELECT id, val, LEAD(val, 1, 0) OVER (ORDER BY id) AS next_val FROM t;"
"233","SQL","Aggregate Functions","Medium","output","Given nums(val): (5),(5),(10),(10),(10). What is the output?","Error","unique_count: 5","unique_count: 3","unique_count: 2","D","There are 2 distinct values: 5 and 10.","SELECT COUNT(DISTINCT val) AS unique_count FROM nums;"
"234","SQL","SELECT basics","Hard","output","What is the result?","result: NULL","result: 0","An error (division by zero)","result: Infinity","C","Division by zero raises an error in most SQL databases (though some like MySQL may return NULL with a warning).","SELECT 1/0 AS result;"
"235","SQL","SELECT basics","Easy","output","What is the output?","result: SQL","Error","result: Sql","result: sql","D","LOWER converts all characters to lowercase.","SELECT LOWER('SQL') AS result;"
"236","SQL","DDL (CREATE/ALTER/DROP)","Easy","output","What happens after executing this statement?","An error occurs","All existing rows are deleted","A new table is created","A new email column is added to the employees table with NULL values for existing rows","D","ALTER TABLE ADD COLUMN adds the new column; existing rows get NULL for the new column unless a DEFAULT is specified.","ALTER TABLE employees ADD COLUMN email VARCHAR(255);"
"237","SQL","WHERE/ORDER BY/GROUP BY/HAVING","Easy","output","Given table: products(id, name, price) with rows (1,'A',10),(2,'B',20),(3,'C',30). What does this return?","C, B","A","A, B, C","B, C","D","Only B (20) and C (30) have price > 15. ORDER BY name sorts them alphabetically: B, C.","SELECT name FROM products WHERE price > 15 ORDER BY name;"
"238","SQL","Subqueries","Hard","output","Given the SQL below, what is the output?","Error","id:4 salary:80000 only","All 4 rows","id:2 salary:60000 and id:4 salary:80000","D","The correlated subquery finds the max salary per department. id=2 has the max in dept 1, id=4 in dept 2.","SELECT e.id, e.salary FROM emp e WHERE e.salary = (SELECT MAX(salary) FROM emp e2 WHERE e2.dept_id = e.dept_id);"
"239","SQL","Views","Medium","output","Given employees(name,salary): (A,50000),(B,80000),(C,30000). What does querying this view return?","A:50000, B:80000","A:50000, B:80000, C:30000","Error","B:80000","A","The view filters employees with salary > 40000, returning A and B.","CREATE VIEW high_earners AS SELECT name, salary FROM employees WHERE salary > 40000;
SELECT * FROM high_earners;"
"240","SQL","WHERE/ORDER BY/GROUP BY/HAVING","Medium","output","Given the SQL below, what is the output?","cust_id 1: 300 and cust_id 3: 300","cust_id 3: 300 and cust_id 1: 300","All 3 customers","Error","A","Totals: cust 1=300, cust 2=200, cust 3=300. ORDER BY total DESC with LIMIT 2 returns cust 3 and cust 1 (both 300, order depends on DBMS).","SELECT cust_id, SUM(amount) AS total FROM orders GROUP BY cust_id ORDER BY total DESC LIMIT 2;"
"241","SQL","Window Functions","Medium","output","Given emp(name, salary): (A,50000),(B,60000),(C,60000),(D,70000). What does this return for ROW_NUMBER?","A:1, B:1, C:1, D:1","A:1, B:2, C:2, D:3","A:1, B:2, C:2, D:4","A:1, B:2, C:3, D:4","D","ROW_NUMBER() assigns unique sequential numbers: 1,2,3,4 regardless of ties.","SELECT name, ROW_NUMBER() OVER (ORDER BY salary) AS rn FROM emp;"
"242","SQL","WHERE/ORDER BY/GROUP BY/HAVING","Hard","output","Given t(category, val): (A,1),(A,2),(B,3),(B,4),(C,5). What is the output?","Error","15","A:3, B:7, C:5, NULL:15 (grand total row)","A:3, B:7, C:5","C","ROLLUP adds a grand total row (NULL category, sum=15) in addition to the group sums.","SELECT category, SUM(val) AS s FROM t GROUP BY ROLLUP(category);"
"243","SQL","Query Optimization","Hard","output","Which query is likely more efficient on a large table with an index on (dept_id)?","Query A, because Query B's expression prevents index usage","Query B, because the addition is optimized away","Neither can use the index","Both are equally efficient","A","Applying a function or expression to an indexed column (dept_id + 0) prevents the optimizer from using the index (SARGability).","-- Query A:
SELECT * FROM emp WHERE dept_id = 5;
-- Query B:
SELECT * FROM emp WHERE dept_id + 0 = 5;"
"244","SQL","Query Optimization","Medium","output","Given the SQL below, what is the output?","An index seek","No output","A hash join","A full table scan (Seq Scan / TABLE ACCESS FULL)","D","Without an index on 'name', the database must perform a full table scan to find matching rows.","EXPLAIN SELECT * FROM employees WHERE name = 'Alice';"
"245","SQL","WHERE/ORDER BY/GROUP BY/HAVING","Medium","output","Given employees(dept, salary): (HR,50000),(HR,60000),(IT,70000),(IT,80000). What is the output?","No rows","HR | 55000 and IT | 75000","HR | 55000","IT | 75000","D","HR avg=55000, IT avg=75000. Only IT has AVG(salary) > 60000.","SELECT dept, AVG(salary) AS avg_sal FROM employees GROUP BY dept HAVING AVG(salary) > 60000;"
"246","SQL","Transactions","Hard","output","What is the final value after these nested savepoints?","val: 2","val: original value","val: 3","val: 1","A","ROLLBACK TO sp2 undoes the update to 3, restoring val to 2 (the state at sp2). COMMIT saves val=2.","BEGIN;
UPDATE t SET val = 1;
SAVEPOINT sp1;
UPDATE t SET val = 2;
SAVEPOINT sp2;
UPDATE t SET val = 3;
ROLLBACK TO sp2;
COMMIT;"
"247","SQL","Window Functions","Hard","output","Given emp(name, salary): (A,50000),(B,60000),(C,60000),(D,70000). What does RANK() return?","A:1, B:1, C:2, D:3","A:1, B:2, C:3, D:4","A:1, B:2, C:2, D:4","A:1, B:2, C:2, D:3","C","RANK() assigns 1 to A, 2 to B and C (tied), then skips 3 and assigns 4 to D.","SELECT name, RANK() OVER (ORDER BY salary) AS rnk FROM emp;"
"248","SQL","Aggregate Functions","Easy","output","Given the SQL below, what is the output?","cnt: 4","cnt: 2","cnt: 3","cnt: 5","C","Values greater than 25 are 30, 40, 50 - that's 3 rows.","SELECT COUNT(*) AS cnt FROM t WHERE val > 25;"
"249","SQL","Aggregate Functions","Hard","output","Given the SQL below, what is the output?","S | 700","No rows","N | 300","N | 300 and S | 700","A","N total=300, S total=700. Only S exceeds 500.","SELECT region, SUM(amount) AS total FROM sales GROUP BY region HAVING SUM(amount) > 500;"
"250","SQL","Normalization","Medium","output","Consider: students(id, name, course1, course2, course3). Is this in 1NF?","Cannot determine","It is in 3NF","Yes, it is in 1NF","No, because courses are stored as repeating groups in separate columns","D","Having course1, course2, course3 as separate columns is a repeating group, violating 1NF. Courses should be in a separate table.","-- Table: students
-- Columns: id, name, course1, course2, course3
-- Row example: (1, 'Alice', 'Math', 'Science', NULL)"
"251","SQL","Subqueries","Easy","output","Given the SQL below, what is the output?","IT","HR, IT","HR","No rows","C","The subquery returns dept_id=1 only. So only 'HR' (id=1) matches.","SELECT name FROM departments WHERE id IN (SELECT DISTINCT dept_id FROM employees);"
"252","SQL","JOINs (INNER/LEFT/RIGHT/FULL)","Medium","output","Tables: A(id,name): (1,'X'),(2,'Y'). B(a_id,val): (1,'P'). What does this return?","Error","X|P (1 row)","Y|NULL (1 row)","X|P and Y|NULL (2 rows)","D","LEFT JOIN returns all rows from A. X matches B (val=P), Y has no match (val=NULL).","SELECT A.name, B.val FROM A LEFT JOIN B ON A.id = B.a_id;"
"253","SQL","JOINs (INNER/LEFT/RIGHT/FULL)","Hard","output","Tables: t1(id): (1),(2),(3). t2(id): (2),(3),(4). What does FULL OUTER JOIN return?","(1,NULL),(2,2),(3,3) - 3 rows","(2,2),(3,3) - 2 rows","(2,2),(3,3),(NULL,4) - 3 rows","(1,NULL),(2,2),(3,3),(NULL,4) - 4 rows","D","FULL OUTER JOIN returns all rows from both tables: matches plus unmatched rows from each side with NULLs.","SELECT t1.id AS a, t2.id AS b FROM t1 FULL OUTER JOIN t2 ON t1.id = t2.id;"
"254","SQL","WHERE/ORDER BY/GROUP BY/HAVING","Hard","output","Given data(val): (1),(2),(NULL),(4). What is the result?","c1: 3, c2: 4","c1: 4, c2: 4","c1: 4, c2: 3","c1: 3, c2: 3","C","COUNT(*) counts all rows (4), COUNT(val) skips the NULL row (3).","SELECT COUNT(*) AS c1, COUNT(val) AS c2 FROM data;"
"255","SQL","WHERE/ORDER BY/GROUP BY/HAVING","Easy","output","Given t(val): (1),(2),(3),(4),(5). What is the output?","1, 2, 3, 4, 5","3","2, 3, 4","2, 3","C","BETWEEN 2 AND 4 is inclusive, returning 2, 3, and 4.","SELECT val FROM t WHERE val BETWEEN 2 AND 4 ORDER BY val;"
"256","SQL","Subqueries","Hard","output","Given t(id, val): (1,10),(2,20),(3,30). What does this return?","id:2, val:20, total:20","id:2, val:20, total:60","Error","id:2, val:20, total:NULL","B","The scalar subquery returns the sum of all val (10+20+30=60) for each row. Only id=2 is in the result.","SELECT id, val, (SELECT SUM(val) FROM t) AS total FROM t WHERE id = 2;"
"257","SQL","SELECT basics","Medium","output","What is the output?","result: 42","result: 0","result: -42","Error","A","ABS returns the absolute value, converting -42 to 42.","SELECT ABS(-42) AS result;"
"258","SQL","Window Functions","Medium","output","Given t(id, val): (1,10),(2,20),(3,30). What does LAG return?","(1,10,20),(2,20,30),(3,30,NULL)","Error","(1,10,10),(2,20,20),(3,30,30)","(1,10,NULL),(2,20,10),(3,30,20)","D","LAG gets the previous row's value. First row has no previous value (NULL), row 2 gets 10, row 3 gets 20.","SELECT id, val, LAG(val) OVER (ORDER BY id) AS prev_val FROM t;"
"259","SQL","CTEs","Hard","output","Given the SQL below, what is the output?","8","5","13","Error","A","This generates Fibonacci numbers. At n=7: sequence is 0,1,1,2,3,5,8. Column 'a' at n=7 is 8.","WITH RECURSIVE fib(n, a, b) AS (
  SELECT 1, 0, 1
  UNION ALL
  SELECT n+1, b, a+b FROM fib WHERE n < 7
)
SELECT a FROM fib WHERE n = 7;"
"260","SQL","Normalization","Medium","output","Given the SQL below, what is the output?","Yes, it is in 1NF","Cannot determine","It is in 3NF","No, because courses are stored as repeating groups in separate columns","D","Having course1, course2, course3 as separate columns is a repeating group, violating 1NF. Courses should be in a separate table.","-- Table: students
-- Columns: id, name, course1, course2, course3
-- Row example: (1, 'Alice', 'Math', 'Science', NULL)"
"261","SQL","DDL (CREATE/ALTER/DROP)","Hard","output","What does this statement do?","Prevents any deletion of customers","Adds a foreign key that deletes order rows when the referenced customer is deleted","Adds a primary key to orders","Creates a new table","B","ON DELETE CASCADE means that when a customer is deleted, all their related orders are automatically deleted too.","ALTER TABLE orders ADD CONSTRAINT fk_customer FOREIGN KEY (customer_id) REFERENCES customers(id) ON DELETE CASCADE;"
"262","SQL","SELECT basics","Medium","output","What is the result?","result: Data","result: base","result: D","result: Datab","A","SUBSTRING extracts 4 characters starting at position 1: 'Data'.","SELECT SUBSTRING('Database' FROM 1 FOR 4) AS result;"
"263","SQL","Aggregate Functions","Easy","output","Given scores(val): (10),(20),(30). What is the output?","total: 60, average: 20","total: 60, average: 60","Error","total: 30, average: 10","A","SUM = 10+20+30 = 60, AVG = 60/3 = 20.","SELECT SUM(val) AS total, AVG(val) AS average FROM scores;"
"264","SQL","Aggregate Functions","Easy","output","Given the SQL below, what is the output?","total: 30, average: 10","Error","total: 60, average: 20","total: 60, average: 60","C","SUM = 10+20+30 = 60, AVG = 60/3 = 20.","SELECT SUM(val) AS total, AVG(val) AS average FROM scores;"
"265","SQL","Transactions","Easy","output","Given t(val): (100). What value is in t after these statements?","Error","val: 200","val: 100","Table is empty","C","ROLLBACK undoes the UPDATE, so val returns to its original value of 100.","BEGIN;
UPDATE t SET val = 200;
ROLLBACK;"
"266","SQL","Subqueries","Medium","output","Given products(name, price): (A,10),(B,20),(C,30),(D,40). What is returned?","No rows","D","A, B, C, D","C, D","D","The subquery returns 10 and 20. > ALL means greater than the maximum (20). C(30) and D(40) qualify.","SELECT name FROM products WHERE price > ALL (SELECT price FROM products WHERE name IN ('A','B'));"
"267","SQL","SELECT basics","Medium","output","What is the result?","result: 12","result: 1024","result: 210","result: 20","B","POWER(2, 10) computes 2^10 = 1024.","SELECT POWER(2, 10) AS result;"
"268","SQL","JOINs (INNER/LEFT/RIGHT/FULL)","Easy","output","Tables: colors(id,name): (1,'Red'),(2,'Blue'). sizes(id,name): (1,'S'),(2,'M'). How many rows does CROSS JOIN return?","8 rows","0 rows","4 rows","2 rows","C","CROSS JOIN produces a Cartesian product: 2 colors x 2 sizes = 4 combinations.","SELECT c.name, s.name FROM colors c CROSS JOIN sizes s;"
"269","SQL","CTEs","Easy","output","Given t(name, val): (A,10),(B,20),(C,30). What does this CTE query return?","s: NULL","s: 60","s: 30","Error","B","The CTE computes SUM(10+20+30) = 60.","WITH total AS (SELECT SUM(val) AS s FROM t)
SELECT s FROM total;"
"270","SQL","WHERE/ORDER BY/GROUP BY/HAVING","Easy","scenario","You need to find all customers who placed orders in the last 30 days. Which WHERE condition is best?","WHERE order_date LIKE '2025%'","WHERE order_date = CURRENT_DATE","WHERE YEAR(order_date) = 2025","WHERE order_date >= CURRENT_DATE - INTERVAL '30' DAY","D","Using date arithmetic with CURRENT_DATE ensures a rolling 30-day window that works regardless of the current date.",""
"271","SQL","Normalization","Easy","scenario","Consider this scenario: A table stores customer orders with customer name and address repeated in every order row. What problem does this cause?","Better data integrity","Data redundancy and update anomalies","Faster queries","No problem at all","B","Repeating customer data in every order creates redundancy and risks inconsistency if updated in one place but not another.",""
"272","SQL","Query Optimization","Hard","scenario","A report query joins 8 tables and takes 30 seconds. EXPLAIN shows nested loop joins with full table scans. What is the best first step?","Analyze the execution plan and add missing indexes on join and filter columns","Increase the server timeout","Split into 8 separate queries","Rewrite the entire query as a stored procedure","A","The execution plan reveals full table scans, suggesting missing indexes. Adding indexes on join/filter columns is typically the highest-impact fix.",""
"273","SQL","DML (INSERT/UPDATE/DELETE)","Medium","scenario","You need to copy all active users from 'users' to 'active_users' table. What DML approach is best?","UPDATE active_users FROM users WHERE status = 'active';","CREATE TABLE active_users AS SELECT * FROM users;","COPY users TO active_users WHERE status = 'active';","INSERT INTO active_users SELECT * FROM users WHERE status = 'active';","D","INSERT INTO ... SELECT copies qualifying rows from one table to another existing table.",""
"274","SQL","DML (INSERT/UPDATE/DELETE)","Easy","scenario","Consider this scenario: You need to increase all employee salaries by 10%. Which statement is correct?","SELECT salary * 1.10 FROM employees;","ALTER employees SET salary = salary + 10%;","UPDATE employees SET salary = salary * 1.10;","INSERT INTO employees salary = salary * 1.10;","C","UPDATE with SET salary = salary * 1.10 increases every employee's salary by 10%.",""
"275","SQL","Aggregate Functions","Easy","scenario","Management wants to know the total revenue per region. Which approach is correct?","SELECT region, revenue FROM sales ORDER BY region;","SELECT region, SUM(revenue) FROM sales GROUP BY region;","SELECT region, COUNT(revenue) FROM sales;","SELECT SUM(region) FROM sales;","B","SUM(revenue) with GROUP BY region calculates the total revenue for each region.",""
"276","SQL","SELECT basics","Hard","scenario","A report requires pivoting rows to columns: showing months as columns and products as rows with sales amounts. Standard SQL doesn't have PIVOT. What approach works in any DBMS?","Use CASE expressions inside aggregate functions: SUM(CASE WHEN month='Jan' THEN amount END) AS Jan","Use CROSS JOIN with all months","Use UNION ALL to combine monthly queries","Create separate tables for each month","A","Conditional aggregation with CASE inside SUM/COUNT is a portable cross-database pivot technique.",""
"277","SQL","Views","Hard","scenario","You need to restrict certain columns from some users while allowing full access to others. What is the best approach?","Create separate tables for each user group","Use row-level security policies only","Create a view exposing only allowed columns and grant SELECT on the view (not the base table)","Use application-level filtering only","C","A view can expose a subset of columns and you can grant permissions on the view, providing column-level security.",""
"278","SQL","SELECT basics","Easy","scenario","A manager asks you to produce a list of all employee names and their hire dates. Which SQL approach is most appropriate?","SELECT * FROM employees;","SELECT name FROM employees UNION SELECT hire_date FROM employees;","SELECT hire_date FROM employees WHERE name IS NOT NULL;","SELECT name, hire_date FROM employees;","D","Selecting only the needed columns (name, hire_date) is the most efficient and clear approach.",""
"279","SQL","Indexes","Medium","scenario","Consider this scenario: After bulk loading 10 million rows, queries are slow despite having indexes. What should you do?","Add more indexes","Drop all indexes","Rebuild/reorganize the indexes and update statistics","Restart the database server","C","Bulk inserts can fragment indexes and make statistics stale. Rebuilding indexes and updating statistics helps the optimizer.",""
"280","SQL","Indexes","Medium","scenario","A query filters on (status, created_date) and you want one index to cover both. What do you create?","A partial index on created_date","Two separate indexes on status and created_date","A composite index on (status, created_date)","A unique index on status","C","A composite index on (status, created_date) efficiently covers queries filtering on both columns, especially if status is the leading column.",""
"281","SQL","Query Optimization","Medium","scenario","A query uses WHERE YEAR(created_at) = 2025. Why might this perform poorly?","Applying a function to an indexed column prevents index usage (not SARGable)","YEAR() is slow","2025 is too far in the future","The column is not a date type","A","Functions on indexed columns prevent the optimizer from using the index. Rewrite as: WHERE created_at >= '2025-01-01' AND created_at < '2026-01-01'.",""
"282","SQL","Query Optimization","Medium","scenario","Your query uses SELECT DISTINCT on a 10-million row table and is slow. What should you investigate?","Removing all indexes to speed up DISTINCT","Replacing DISTINCT with GROUP BY ALL","Adding more columns to SELECT DISTINCT","Whether DISTINCT is actually needed, and if so, whether an index can support the distinct operation","D","DISTINCT requires sorting/hashing all rows. Often DISTINCT masks a join issue. If needed, indexes on the selected columns can help.",""
"283","SQL","Normalization","Easy","scenario","A table stores customer orders with customer name and address repeated in every order row. What problem does this cause?","Faster queries","Better data integrity","Data redundancy and update anomalies","No problem at all","C","Repeating customer data in every order creates redundancy and risks inconsistency if updated in one place but not another.",""
"284","SQL","Aggregate Functions","Hard","scenario","Consider this scenario: You need to calculate the median salary in a department. SQL has no built-in MEDIAN function. What is the best approach?","Use AVG(salary)","Use (MAX(salary) + MIN(salary)) / 2","Use MODE(salary)","Use PERCENTILE_CONT(0.5) WITHIN GROUP (ORDER BY salary) or a window function approach","D","PERCENTILE_CONT(0.5) calculates the true median. AVG gives the mean, and (MAX+MIN)/2 gives the midrange, neither of which is the median.",""
"285","SQL","Aggregate Functions","Medium","scenario","You need to count orders per customer but only include customers with more than 10 orders. Which approach is correct?","SELECT customer_id FROM orders HAVING COUNT(*) > 10;","SELECT customer_id, COUNT(*) FROM orders WHERE COUNT(*) > 10 GROUP BY customer_id;","SELECT customer_id, COUNT(*) AS cnt FROM orders GROUP BY customer_id HAVING COUNT(*) > 10;","SELECT COUNT(*) FROM orders WHERE customer_id > 10;","C","HAVING filters groups after GROUP BY. You cannot use aggregate functions in WHERE.",""
"286","SQL","JOINs (INNER/LEFT/RIGHT/FULL)","Medium","scenario","You need to find records that exist in table A but not in table B. What is the most readable approach?","SELECT * FROM A CROSS JOIN B WHERE A.id != B.id","SELECT a.* FROM A LEFT JOIN B ON A.id = B.id WHERE B.id IS NULL","SELECT * FROM A INNER JOIN B ON A.id != B.id","SELECT * FROM A WHERE id > (SELECT MAX(id) FROM B)","B","The LEFT JOIN anti-join pattern is widely understood and performs well: it returns A rows with no match in B.",""
"287","SQL","Transactions","Medium","scenario","Two users simultaneously try to book the last available seat. How do you prevent double-booking?","Let both users book and handle it later","Use a transaction with SELECT ... FOR UPDATE to lock the seat row before updating","Use READ UNCOMMITTED isolation","Use a view to prevent concurrent access","B","SELECT FOR UPDATE acquires a row-level lock, preventing other transactions from modifying the row until the lock is released.",""
"288","SQL","DDL (CREATE/ALTER/DROP)","Medium","scenario","You need to ensure that the 'status' column in the orders table only accepts values 'pending', 'shipped', or 'delivered'. What is the best constraint?","CREATE INDEX ON orders(status);","ALTER TABLE orders ADD UNIQUE(status);","ALTER TABLE orders ADD CONSTRAINT chk_status CHECK (status IN ('pending', 'shipped', 'delivered'));","Add a trigger that rejects invalid values","C","A CHECK constraint declaratively enforces the allowed values at the database level.",""
"289","SQL","CTEs","Medium","scenario","You need to find all subordinates of a manager in an employee hierarchy. What SQL feature is best?","A stored procedure with cursors","A simple INNER JOIN","A recursive CTE that traverses the employee-manager relationship","Multiple UNION ALL queries for each level","C","A recursive CTE naturally traverses hierarchical data by repeatedly joining the table to itself until no more rows are found.",""
"290","SQL","CTEs","Medium","scenario","You need to reuse the same aggregation result in both the SELECT and WHERE of a query. What is the cleanest approach?","Define the aggregation as a CTE and reference it in both places","Use a global variable","Use a temporary table","Calculate the aggregation twice with identical subqueries","A","A CTE computes the result once and allows it to be referenced multiple times in the main query.",""
"291","SQL","SELECT basics","Medium","scenario","You need to generate a report showing employee names with NULL phone numbers displayed as 'N/A'. Which approach works?","SELECT name, COALESCE(phone, 'N/A') AS phone FROM employees;","SELECT name, phone FROM employees WHERE phone IS NOT NULL;","SELECT name, NVL(phone) FROM employees;","SELECT name, IFNULL(phone) FROM employees;","A","COALESCE(phone, 'N/A') replaces NULL phone values with 'N/A' while keeping actual phone numbers.",""
"292","SQL","Window Functions","Hard","scenario","You need to detect consecutive days when a server was down. Which approach is best?","Use a simple WHERE clause","Use CROSS JOIN all dates","Use COUNT(*) GROUP BY date","Use ROW_NUMBER() to create groups of consecutive dates (gaps-and-islands technique)","D","The gaps-and-islands technique uses the difference between ROW_NUMBER and the date to identify consecutive sequences.",""
"293","SQL","Transactions","Hard","scenario","Your application requires that once a row is read within a transaction, its value cannot change until the transaction ends. Which isolation level do you need?","REPEATABLE READ","READ COMMITTED","No isolation level is needed","READ UNCOMMITTED","A","REPEATABLE READ ensures that if a row is read twice in the same transaction, the same value is returned both times.",""
"294","SQL","Window Functions","Easy","scenario","You need to show each employee's salary alongside the department average salary. What approach preserves individual rows?","Use AVG(salary) OVER (PARTITION BY department) as a window function","Use GROUP BY department with AVG(salary)","Use DISTINCT with AVG","Use a CROSS JOIN with a subquery","A","A window function computes the department average without collapsing rows, so each employee row is preserved.",""
"295","SQL","Views","Medium","scenario","You have a dashboard that queries a complex aggregation. The query is slow. What can you use to pre-compute the results?","A trigger that recalculates on every data change","An index on every column","A materialized view that is refreshed periodically","A regular view (which re-runs the query each time)","C","A materialized view stores the precomputed results, making dashboard queries fast. Periodic refresh keeps data reasonably current.",""
"296","SQL","JOINs (INNER/LEFT/RIGHT/FULL)","Hard","scenario","You need to produce a report of all possible employee-project combinations (for planning), even if no assignment exists. Which approach works?","UNION ALL employees and projects","LEFT JOIN employees to assignments only","CROSS JOIN employees and projects, then LEFT JOIN assignments to see existing ones","INNER JOIN employees, projects, and assignments","C","CROSS JOIN creates all combinations; LEFT JOINing assignments shows which ones already exist.",""
"297","SQL","Normalization","Medium","scenario","When should you denormalize a database?","When read performance is critical and joins are a bottleneck","When you want to reduce storage","Never, normalization is always better","Always, for better data integrity","A","Denormalization trades redundancy for read performance, useful in data warehouses or read-heavy workloads where joins are expensive.",""
"298","SQL","JOINs (INNER/LEFT/RIGHT/FULL)","Medium","scenario","You need to find employees who do not have a matching record in the departments table. Which approach is most efficient?","SELECT * FROM employees WHERE dept_id NOT IN (SELECT id FROM departments);","SELECT * FROM employees CROSS JOIN departments WHERE employees.dept_id != departments.id;","SELECT * FROM employees MINUS SELECT * FROM departments;","SELECT e.* FROM employees e LEFT JOIN departments d ON e.dept_id = d.id WHERE d.id IS NULL;","D","A LEFT JOIN with a NULL check on the right side is an efficient anti-join pattern to find unmatched rows.",""
"299","SQL","Window Functions","Hard","scenario","Consider this scenario: You need to calculate a 7-day moving average of daily revenue. Which window frame is correct?","AVG(revenue) OVER (PARTITION BY day)","AVG(revenue) OVER (ORDER BY day ROWS BETWEEN UNBOUNDED PRECEDING AND CURRENT ROW)","AVG(revenue) OVER (ORDER BY day ROWS BETWEEN 6 PRECEDING AND CURRENT ROW)","AVG(revenue) GROUP BY day","C","ROWS BETWEEN 6 PRECEDING AND CURRENT ROW creates a sliding window of 7 days (current + 6 preceding).",""
"300","SQL","Window Functions","Medium","scenario","Consider this scenario: You need to calculate a running total of sales by date. Which approach is correct?","SUM(amount) OVER (ORDER BY sale_date ROWS BETWEEN UNBOUNDED PRECEDING AND CURRENT ROW)","TOTAL(amount) OVER (ORDER BY sale_date)","SUM(amount) OVER (PARTITION BY sale_date)","SUM(amount) GROUP BY sale_date","A","The window frame ROWS BETWEEN UNBOUNDED PRECEDING AND CURRENT ROW creates a cumulative sum from the first row to the current row.",""
"301","SQL","DML (INSERT/UPDATE/DELETE)","Easy","scenario","You need to increase all employee salaries by 10%. Which statement is correct?","ALTER employees SET salary = salary + 10%;","UPDATE employees SET salary = salary * 1.10;","SELECT salary * 1.10 FROM employees;","INSERT INTO employees salary = salary * 1.10;","B","UPDATE with SET salary = salary * 1.10 increases every employee's salary by 10%.",""
"302","SQL","Subqueries","Easy","scenario","You need to find employees earning more than the average salary. Which approach is simplest?","SELECT * FROM employees WHERE salary > (SELECT AVG(salary) FROM employees);","SELECT * FROM employees HAVING salary > AVG(salary);","SELECT * FROM employees WHERE salary > AVG(salary);","SELECT * FROM employees ORDER BY salary > AVG(salary);","A","A scalar subquery in WHERE calculates the average once and compares each employee's salary against it.",""
"303","SQL","DML (INSERT/UPDATE/DELETE)","Medium","scenario","You need to delete all orders older than 5 years for GDPR compliance. What is the safest approach?","TRUNCATE orders;","BEGIN; DELETE FROM orders WHERE order_date < CURRENT_DATE - INTERVAL '5 YEAR'; -- verify count, then COMMIT;","DROP TABLE orders;","DELETE FROM orders; -- delete all","B","Using a transaction allows you to verify the affected rows before committing, preventing accidental mass deletion.",""
"304","SQL","DDL (CREATE/ALTER/DROP)","Hard","scenario","You need to change a column from VARCHAR(50) to VARCHAR(200) without losing data. What is the safest approach?","ALTER TABLE t ALTER COLUMN col TYPE VARCHAR(200);","Use UPDATE to truncate values","Create a new table and copy data","DROP the column and recreate it","A","Altering the column type to a larger VARCHAR is safe and preserves existing data since all current values fit in the new size.",""
"305","SQL","Indexes","Medium","scenario","After bulk loading 10 million rows, queries are slow despite having indexes. What should you do?","Drop all indexes","Restart the database server","Rebuild/reorganize the indexes and update statistics","Add more indexes","C","Bulk inserts can fragment indexes and make statistics stale. Rebuilding indexes and updating statistics helps the optimizer.",""
"306","SQL","DDL (CREATE/ALTER/DROP)","Easy","scenario","You need to add a new column 'email' to an existing users table. What DDL command do you use?","CREATE COLUMN email ON users;","INSERT COLUMN email INTO users;","ALTER TABLE users ADD COLUMN email VARCHAR(255);","UPDATE TABLE users ADD email;","C","ALTER TABLE with ADD COLUMN is the DDL statement to add a new column to an existing table.",""
"307","SQL","Subqueries","Medium","scenario","You want to find departments that have at least one employee earning over $100,000. Which is most efficient?","SELECT * FROM departments WHERE dept_id > 100000;","SELECT * FROM departments WHERE id IN (SELECT dept_id FROM employees) AND salary > 100000;","SELECT * FROM departments d WHERE EXISTS (SELECT 1 FROM employees e WHERE e.dept_id = d.id AND e.salary > 100000);","SELECT DISTINCT d.* FROM departments d JOIN employees e ON d.id = e.dept_id WHERE e.salary > 100000;","C","EXISTS with a correlated subquery is efficient because it stops searching as soon as it finds one matching employee.",""
"308","SQL","DDL (CREATE/ALTER/DROP)","Medium","scenario","Consider this scenario: You need to ensure that the 'status' column in the orders table only accepts values 'pending', 'shipped', or 'delivered'. What is the best constraint?","ALTER TABLE orders ADD CONSTRAINT chk_status CHECK (status IN ('pending', 'shipped', 'delivered'));","ALTER TABLE orders ADD UNIQUE(status);","Add a trigger that rejects invalid values","CREATE INDEX ON orders(status);","A","A CHECK constraint declaratively enforces the allowed values at the database level.",""
"309","SQL","JOINs (INNER/LEFT/RIGHT/FULL)","Medium","scenario","Consider this scenario: You need to find records that exist in table A but not in table B. What is the most readable approach?","SELECT * FROM A WHERE id > (SELECT MAX(id) FROM B)","SELECT a.* FROM A LEFT JOIN B ON A.id = B.id WHERE B.id IS NULL","SELECT * FROM A CROSS JOIN B WHERE A.id != B.id","SELECT * FROM A INNER JOIN B ON A.id != B.id","B","The LEFT JOIN anti-join pattern is widely understood and performs well: it returns A rows with no match in B.",""
"310","SQL","CTEs","Hard","scenario","You need a bill-of-materials explosion showing all components of a product, including nested sub-components. Which approach is best?","A recursive CTE joining the BOM table to itself, accumulating quantities at each level","A CROSS JOIN of all components","A simple SELECT with GROUP BY","Multiple self-joins for each known level","A","A recursive CTE can traverse the multi-level BOM structure dynamically without knowing the depth in advance.",""
"311","SQL","Aggregate Functions","Medium","scenario","You need to find customers whose total purchases this year exceed their total purchases last year. What approach works?","Use WHERE amount > last_year_amount (column doesn't exist)","Compare SUM(CASE WHEN year=2025 THEN amount END) vs SUM(CASE WHEN year=2024 THEN amount END) per customer","Use MAX(amount) per customer","Use GROUP BY year only","B","Conditional aggregation with CASE computes separate totals for each year within a single GROUP BY query.",""
"312","SQL","Transactions","Medium","scenario","Your application processes a batch of 1000 inserts but needs to retry only failed ones. What transaction feature helps?","Disabling transactions entirely","Individual transactions for each insert","A single large transaction for all 1000","SAVEPOINTs to mark progress and rollback to the last successful point","D","SAVEPOINTs allow partial rollback within a transaction, so you can retry failed inserts without losing successful ones.",""
"313","SQL","Transactions","Hard","scenario","You need to prevent any new rows from being inserted into a range you are reading during a transaction (prevent phantom reads). Which isolation level is required?","REPEATABLE READ","SERIALIZABLE","READ UNCOMMITTED","READ COMMITTED","B","SERIALIZABLE prevents phantom reads by effectively serializing transactions. REPEATABLE READ prevents non-repeatable reads but not always phantoms.",""
"314","SQL","DDL (CREATE/ALTER/DROP)","Easy","scenario","Consider this scenario: You need to add a new column 'email' to an existing users table. What DDL command do you use?","INSERT COLUMN email INTO users;","CREATE COLUMN email ON users;","ALTER TABLE users ADD COLUMN email VARCHAR(255);","UPDATE TABLE users ADD email;","C","ALTER TABLE with ADD COLUMN is the DDL statement to add a new column to an existing table.",""
"315","SQL","DDL (CREATE/ALTER/DROP)","Hard","scenario","Consider this scenario: You need to add a column with a default value to a table with 100 million rows in production with minimal downtime. What should you consider?","In modern DBMS (PostgreSQL 11+, SQL Server), adding a column with a constant default is metadata-only and instant","You must always rebuild the entire table","It is impossible without downtime","You should create a new table and migrate","A","Modern databases can add a column with a constant default as a metadata-only operation, avoiding a full table rewrite.",""
"316","SQL","Query Optimization","Hard","scenario","Your complex query has a subquery in the SELECT list that executes once per row (N+1 problem). How do you fix this?","Add an index on the subquery's table","Rewrite the correlated subquery as a JOIN or use a CTE to compute the value once","Increase the query timeout","Use SELECT * instead of specific columns","B","Converting a correlated scalar subquery to a JOIN or CTE eliminates per-row execution, drastically improving performance.",""
"317","SQL","DDL (CREATE/ALTER/DROP)","Medium","scenario","Consider this scenario: You need to enforce that the combination of first_name and last_name is unique across the users table. What constraint do you add?","ALTER TABLE users ADD CHECK (first_name != last_name);","CREATE INDEX ON users (first_name, last_name);","ALTER TABLE users ADD PRIMARY KEY (first_name, last_name);","ALTER TABLE users ADD CONSTRAINT uq_name UNIQUE (first_name, last_name);","D","A UNIQUE constraint on (first_name, last_name) ensures no two rows have the same combination.",""
"318","SQL","WHERE/ORDER BY/GROUP BY/HAVING","Hard","scenario","You need to find products whose total sales exceed the overall average total sales per product. Which approach is correct?","SELECT product_id FROM sales WHERE SUM(amount) > AVG(amount);","SELECT product_id FROM sales HAVING SUM(amount) > AVG(amount);","SELECT product_id, SUM(amount) FROM sales GROUP BY product_id HAVING SUM(amount) > (SELECT AVG(total) FROM (SELECT SUM(amount) AS total FROM sales GROUP BY product_id) t);","SELECT product_id, SUM(amount) FROM sales GROUP BY product_id WHERE SUM(amount) > AVG(SUM(amount));","C","You need a subquery to first calculate each product's total, then average those totals, and compare in HAVING.",""
"319","SQL","Transactions","Easy","scenario","You need to transfer money between two bank accounts atomically. What SQL feature ensures both updates succeed or both fail?","A stored procedure without a transaction","A transaction with BEGIN, UPDATE, UPDATE, COMMIT (and ROLLBACK on error)","A single UPDATE statement","Two separate UPDATE statements","B","A transaction groups the two UPDATE statements so that both succeed (COMMIT) or both are undone (ROLLBACK).",""
"320","SQL","Query Optimization","Easy","scenario","Consider this scenario: Your query returns 100,000 rows but the user only needs the first 10. What should you add?","WHERE ROWNUM < 100000","ORDER BY RANDOM()","LIMIT 10 (or TOP 10 / FETCH FIRST 10 ROWS depending on DBMS)","GROUP BY all columns","C","LIMIT restricts the result set to 10 rows, reducing data transfer and processing time.",""
"321","SQL","JOINs (INNER/LEFT/RIGHT/FULL)","Hard","scenario","Consider this scenario: You need to produce a report of all possible employee-project combinations (for planning), even if no assignment exists. Which approach works?","LEFT JOIN employees to assignments only","INNER JOIN employees, projects, and assignments","CROSS JOIN employees and projects, then LEFT JOIN assignments to see existing ones","UNION ALL employees and projects","C","CROSS JOIN creates all combinations; LEFT JOINing assignments shows which ones already exist.",""
"322","SQL","JOINs (INNER/LEFT/RIGHT/FULL)","Medium","scenario","Consider this scenario: You need to find records that exist in table A but not in table B. What is the most readable approach?","SELECT * FROM A INNER JOIN B ON A.id != B.id","SELECT a.* FROM A LEFT JOIN B ON A.id = B.id WHERE B.id IS NULL","SELECT * FROM A CROSS JOIN B WHERE A.id != B.id","SELECT * FROM A WHERE id > (SELECT MAX(id) FROM B)","B","The LEFT JOIN anti-join pattern is widely understood and performs well: it returns A rows with no match in B.",""
"323","SQL","Views","Easy","scenario","Consider this scenario: Analysts need a simplified view of a complex multi-join query they run frequently. What is the best approach?","Give them direct access to all tables","Create a view that encapsulates the complex query","Export the data to a CSV daily","Create a stored procedure that returns results","B","A view provides a simple interface to complex queries, hiding the underlying joins and logic from end users.",""
"324","SQL","WHERE/ORDER BY/GROUP BY/HAVING","Hard","scenario","You need to find gaps in a sequential ID column (e.g., missing IDs). Which approach is most efficient?","SELECT * WHERE id NOT IN (SELECT id) - circular subquery","Use GROUP BY id HAVING COUNT(*) = 0","Manually check each ID","Use a LEFT JOIN or EXCEPT with a generated sequence, or use LAG/LEAD to find where the difference between consecutive IDs is > 1","D","Using LAG/LEAD window functions to compare consecutive IDs efficiently identifies gaps without generating a full sequence.",""
"325","SQL","Window Functions","Medium","scenario","You need to calculate a running total of sales by date. Which approach is correct?","SUM(amount) OVER (PARTITION BY sale_date)","SUM(amount) OVER (ORDER BY sale_date ROWS BETWEEN UNBOUNDED PRECEDING AND CURRENT ROW)","SUM(amount) GROUP BY sale_date","TOTAL(amount) OVER (ORDER BY sale_date)","B","The window frame ROWS BETWEEN UNBOUNDED PRECEDING AND CURRENT ROW creates a cumulative sum from the first row to the current row.",""
"326","SQL","Window Functions","Hard","scenario","Consider this scenario: You need to calculate a 7-day moving average of daily revenue. Which window frame is correct?","AVG(revenue) OVER (ORDER BY day ROWS BETWEEN 6 PRECEDING AND CURRENT ROW)","AVG(revenue) GROUP BY day","AVG(revenue) OVER (ORDER BY day ROWS BETWEEN UNBOUNDED PRECEDING AND CURRENT ROW)","AVG(revenue) OVER (PARTITION BY day)","A","ROWS BETWEEN 6 PRECEDING AND CURRENT ROW creates a sliding window of 7 days (current + 6 preceding).",""
"327","SQL","Views","Medium","scenario","You need to provide different departments with different views of the same employee data (HR sees salary, others don't). What approach is best?","Create separate views for each department showing only allowed columns, and grant appropriate permissions","Store data in separate tables per department","Use application-level filtering only","Create one view for everyone","A","Separate views with different column selections and targeted permissions enforce column-level security at the database level.",""
"328","SQL","SELECT basics","Hard","scenario","Consider this scenario: A report requires pivoting rows to columns: showing months as columns and products as rows with sales amounts. Standard SQL doesn't have PIVOT. What approach works in any DBMS?","Use UNION ALL to combine monthly queries","Use CASE expressions inside aggregate functions: SUM(CASE WHEN month='Jan' THEN amount END) AS Jan","Use CROSS JOIN with all months","Create separate tables for each month","B","Conditional aggregation with CASE inside SUM/COUNT is a portable cross-database pivot technique.",""
"329","SQL","Subqueries","Medium","scenario","You need to delete duplicate rows, keeping only the one with the lowest id. Which approach works?","DROP duplicates using ALTER TABLE;","TRUNCATE TABLE t;","DELETE FROM t WHERE ROWNUM > 1;","DELETE FROM t WHERE id NOT IN (SELECT MIN(id) FROM t GROUP BY duplicate_columns);","D","This keeps the row with the minimum id for each group of duplicates and deletes all others.",""
"330","SQL","Indexes","Easy","scenario","Your query on a large orders table filtered by customer_id is slow. What is the first optimization to try?","Rewrite the query to use a CTE","Add more RAM to the server","Create an index on the customer_id column","Use SELECT * instead of specific columns","C","An index on customer_id allows the database to quickly locate matching rows instead of scanning the entire table.",""
"331","SQL","Window Functions","Hard","scenario","Consider this scenario: You need to calculate a 7-day moving average of daily revenue. Which window frame is correct?","AVG(revenue) OVER (PARTITION BY day)","AVG(revenue) OVER (ORDER BY day ROWS BETWEEN 6 PRECEDING AND CURRENT ROW)","AVG(revenue) OVER (ORDER BY day ROWS BETWEEN UNBOUNDED PRECEDING AND CURRENT ROW)","AVG(revenue) GROUP BY day","B","ROWS BETWEEN 6 PRECEDING AND CURRENT ROW creates a sliding window of 7 days (current + 6 preceding).",""
"332","SQL","WHERE/ORDER BY/GROUP BY/HAVING","Medium","scenario","A business analyst needs the top 3 departments by average salary, but only departments with more than 5 employees. How do you write this?","SELECT TOP 3 dept, AVG(salary) FROM emp WHERE COUNT(*) > 5 GROUP BY dept;","SELECT dept, AVG(salary) FROM emp GROUP BY dept WHERE COUNT(*) > 5 LIMIT 3;","SELECT dept FROM emp HAVING COUNT(*) > 5 LIMIT 3;","SELECT dept, AVG(salary) avg_sal FROM emp GROUP BY dept HAVING COUNT(*) > 5 ORDER BY avg_sal DESC LIMIT 3;","D","HAVING filters groups (departments with >5 employees), ORDER BY sorts by avg salary, and LIMIT returns top 3.",""
"333","SQL","JOINs (INNER/LEFT/RIGHT/FULL)","Easy","scenario","You have customers and orders tables. You want a list of all customers with their order details, including customers who have never ordered. Which JOIN is best?","RIGHT JOIN with orders on the left","LEFT JOIN customers on the left, orders on the right","CROSS JOIN","INNER JOIN","B","LEFT JOIN ensures all customers appear, even those with no orders (order columns will be NULL for them).",""
"334","SQL","Views","Medium","scenario","Consider this scenario: You have a dashboard that queries a complex aggregation. The query is slow. What can you use to pre-compute the results?","A trigger that recalculates on every data change","A regular view (which re-runs the query each time)","A materialized view that is refreshed periodically","An index on every column","C","A materialized view stores the precomputed results, making dashboard queries fast. Periodic refresh keeps data reasonably current.",""
"335","SQL","Normalization","Hard","scenario","A table has columns (student_id, course_id, professor, professor_office). PK is (student_id, course_id). professor_office depends on professor. What normalization issue exists?","No issue; the table is in 3NF","1NF violation: values are not atomic","Transitive dependency: professor_office depends on professor, not on the primary key directly. This violates 3NF.","Partial dependency: professor depends on student_id only","C","professor_office depends on professor (a non-key column), which is a transitive dependency violating 3NF.",""
"336","SQL","Normalization","Medium","scenario","Consider this scenario: You have a table: orders(order_id, product_name, product_category). product_category depends on product_name, not order_id. What should you do?","Keep it as is for simplicity","Remove product_category entirely","Separate products into their own table with product_name and product_category, and reference it with a foreign key","Add product_category to the primary key","C","Extracting product data into a separate table eliminates the transitive dependency and achieves 3NF.",""
"337","SQL","Aggregate Functions","Hard","scenario","You need to calculate the median salary in a department. SQL has no built-in MEDIAN function. What is the best approach?","Use (MAX(salary) + MIN(salary)) / 2","Use AVG(salary)","Use PERCENTILE_CONT(0.5) WITHIN GROUP (ORDER BY salary) or a window function approach","Use MODE(salary)","C","PERCENTILE_CONT(0.5) calculates the true median. AVG gives the mean, and (MAX+MIN)/2 gives the midrange, neither of which is the median.",""
"338","SQL","Query Optimization","Hard","scenario","Consider this scenario: Your complex query has a subquery in the SELECT list that executes once per row (N+1 problem). How do you fix this?","Use SELECT * instead of specific columns","Rewrite the correlated subquery as a JOIN or use a CTE to compute the value once","Add an index on the subquery's table","Increase the query timeout","B","Converting a correlated scalar subquery to a JOIN or CTE eliminates per-row execution, drastically improving performance.",""
"339","SQL","DDL (CREATE/ALTER/DROP)","Medium","scenario","You need to enforce that the combination of first_name and last_name is unique across the users table. What constraint do you add?","ALTER TABLE users ADD PRIMARY KEY (first_name, last_name);","ALTER TABLE users ADD CONSTRAINT uq_name UNIQUE (first_name, last_name);","ALTER TABLE users ADD CHECK (first_name != last_name);","CREATE INDEX ON users (first_name, last_name);","B","A UNIQUE constraint on (first_name, last_name) ensures no two rows have the same combination.",""
"340","SQL","Normalization","Medium","scenario","You have a table: orders(order_id, product_name, product_category). product_category depends on product_name, not order_id. What should you do?","Add product_category to the primary key","Separate products into their own table with product_name and product_category, and reference it with a foreign key","Keep it as is for simplicity","Remove product_category entirely","B","Extracting product data into a separate table eliminates the transitive dependency and achieves 3NF.",""
"341","SQL","CTEs","Easy","scenario","You have a complex query that is referenced multiple times. What is the best way to improve readability?","Use string concatenation to build the query dynamically","Copy and paste the subquery wherever needed","Use a CTE (WITH clause) to name the subquery and reference it multiple times","Create a permanent table","C","CTEs improve readability by giving a meaningful name to a subquery and allowing it to be referenced multiple times.",""
"342","SQL","Indexes","Hard","scenario","Your query SELECT a, b, c FROM t WHERE a = 1 AND b > 10 ORDER BY c benefits from which index?","A single index on c","No index needed","A composite index on (a, b, c) to cover the query entirely","A single index on b","C","A composite index on (a, b, c) supports the equality filter on a, range filter on b, and covers column c for ordering and projection.",""
"343","SQL","Subqueries","Medium","scenario","Consider this scenario: You want to find departments that have at least one employee earning over $100,000. Which is most efficient?","SELECT * FROM departments WHERE id IN (SELECT dept_id FROM employees) AND salary > 100000;","SELECT * FROM departments d WHERE EXISTS (SELECT 1 FROM employees e WHERE e.dept_id = d.id AND e.salary > 100000);","SELECT DISTINCT d.* FROM departments d JOIN employees e ON d.id = e.dept_id WHERE e.salary > 100000;","SELECT * FROM departments WHERE dept_id > 100000;","B","EXISTS with a correlated subquery is efficient because it stops searching as soon as it finds one matching employee.",""
"344","SQL","Views","Easy","scenario","Analysts need a simplified view of a complex multi-join query they run frequently. What is the best approach?","Create a stored procedure that returns results","Create a view that encapsulates the complex query","Export the data to a CSV daily","Give them direct access to all tables","B","A view provides a simple interface to complex queries, hiding the underlying joins and logic from end users.",""
"345","SQL","Views","Hard","scenario","Consider this scenario: You need to restrict certain columns from some users while allowing full access to others. What is the best approach?","Use application-level filtering only","Create separate tables for each user group","Use row-level security policies only","Create a view exposing only allowed columns and grant SELECT on the view (not the base table)","D","A view can expose a subset of columns and you can grant permissions on the view, providing column-level security.",""
"346","SQL","Window Functions","Hard","scenario","You need to calculate a 7-day moving average of daily revenue. Which window frame is correct?","AVG(revenue) OVER (PARTITION BY day)","AVG(revenue) OVER (ORDER BY day ROWS BETWEEN UNBOUNDED PRECEDING AND CURRENT ROW)","AVG(revenue) OVER (ORDER BY day ROWS BETWEEN 6 PRECEDING AND CURRENT ROW)","AVG(revenue) GROUP BY day","C","ROWS BETWEEN 6 PRECEDING AND CURRENT ROW creates a sliding window of 7 days (current + 6 preceding).",""
"347","SQL","DDL (CREATE/ALTER/DROP)","Hard","scenario","You need to add a column with a default value to a table with 100 million rows in production with minimal downtime. What should you consider?","In modern DBMS (PostgreSQL 11+, SQL Server), adding a column with a constant default is metadata-only and instant","You should create a new table and migrate","You must always rebuild the entire table","It is impossible without downtime","A","Modern databases can add a column with a constant default as a metadata-only operation, avoiding a full table rewrite.",""
"348","SQL","Subqueries","Medium","scenario","Consider this scenario: You want to find departments that have at least one employee earning over $100,000. Which is most efficient?","SELECT DISTINCT d.* FROM departments d JOIN employees e ON d.id = e.dept_id WHERE e.salary > 100000;","SELECT * FROM departments d WHERE EXISTS (SELECT 1 FROM employees e WHERE e.dept_id = d.id AND e.salary > 100000);","SELECT * FROM departments WHERE id IN (SELECT dept_id FROM employees) AND salary > 100000;","SELECT * FROM departments WHERE dept_id > 100000;","B","EXISTS with a correlated subquery is efficient because it stops searching as soon as it finds one matching employee.",""
"349","SQL","DML (INSERT/UPDATE/DELETE)","Hard","scenario","You need to update product prices based on a pricing table: if a match exists update the price, if not insert a new row. What is the best approach?","Use a trigger on INSERT","Use separate INSERT and UPDATE statements in application code","Use MERGE (or INSERT ... ON CONFLICT/ON DUPLICATE KEY UPDATE depending on the DBMS)","Use DELETE followed by INSERT","C","MERGE (or UPSERT syntax) handles conditional insert/update in a single atomic statement.",""
"350","SQL","Subqueries","Hard","scenario","You need the second highest salary in each department. Which approach is correct?","Use a correlated subquery or window function to rank salaries per department and pick rank 2","SELECT MAX(salary) FROM employees GROUP BY dept_id","SELECT AVG(salary) FROM employees GROUP BY dept_id","SELECT salary FROM employees ORDER BY salary DESC LIMIT 1 OFFSET 1","A","A window function like DENSE_RANK() OVER (PARTITION BY dept_id ORDER BY salary DESC) = 2 or an equivalent correlated subquery handles this correctly.",""
"351","SQL","Query Optimization","Easy","scenario","Your query returns 100,000 rows but the user only needs the first 10. What should you add?","LIMIT 10 (or TOP 10 / FETCH FIRST 10 ROWS depending on DBMS)","WHERE ROWNUM < 100000","ORDER BY RANDOM()","GROUP BY all columns","A","LIMIT restricts the result set to 10 rows, reducing data transfer and processing time.",""
"352","SQL","Indexes","Hard","scenario","A table has millions of rows but queries only ever access rows where status = 'active' (about 5% of rows). What is the best index strategy?","A full index on the status column","A clustered index on status","A partial (filtered) index WHERE status = 'active'","No index needed","C","A partial index only includes 'active' rows, making it much smaller and more efficient than a full index.",""
"353","SQL","Window Functions","Hard","scenario","Consider this scenario: You need to detect consecutive days when a server was down. Which approach is best?","Use COUNT(*) GROUP BY date","Use CROSS JOIN all dates","Use a simple WHERE clause","Use ROW_NUMBER() to create groups of consecutive dates (gaps-and-islands technique)","D","The gaps-and-islands technique uses the difference between ROW_NUMBER and the date to identify consecutive sequences.",""
"354","SQL","SELECT basics","Hard","code_completion","Complete the CASE expression.","IF","CASE","SWITCH","WHEN","B","CASE starts a conditional expression that evaluates WHEN conditions and returns the matching THEN value.","SELECT name, salary,
  ___ WHEN salary > 100000 THEN 'High'
       WHEN salary > 50000 THEN 'Medium'
       ELSE 'Low'
  END AS salary_band
FROM employees;"
"355","SQL","Subqueries","Hard","code_completion","Complete the query using a scalar subquery in SELECT.","SUM","MAX","AVG","COUNT","C","AVG(salary) computes the average salary; subtracting it from each salary shows the difference from the mean.","SELECT name, salary, salary - (SELECT ___(salary) FROM employees) AS diff_from_avg FROM employees;"
"356","SQL","CTEs","Easy","code_completion","Fill in the blank: Complete the CTE syntax.","DECLARE","DEFINE","CREATE CTE","WITH","D","The WITH keyword introduces a Common Table Expression.","___ dept_stats AS (
  SELECT dept_id, AVG(salary) AS avg_sal FROM employees GROUP BY dept_id
)
SELECT * FROM dept_stats;"
"357","SQL","SELECT basics","Medium","code_completion","Complete the query to cast a value to integer.","CAST","TRANSFORM","CONVERT","CHANGE","A","CAST converts a value from one data type to another in standard SQL.","SELECT ___(price AS INTEGER) AS int_price FROM products;"
"358","SQL","Subqueries","Medium","code_completion","Complete the query to use a derived table.","TO","AS","INTO","NAMED","B","AS provides an alias for the derived table (subquery in FROM clause).","SELECT avg_data.dept, avg_data.avg_sal
FROM (SELECT dept, AVG(salary) AS avg_sal FROM employees GROUP BY dept) ___ avg_data;"
"359","SQL","Window Functions","Easy","code_completion","Complete the window function to rank employees by salary.","BY","OVER","USING","WITHIN","B","OVER defines the window specification for the window function.","SELECT name, salary, RANK() ___ (ORDER BY salary DESC) AS rnk FROM employees;"
"360","SQL","JOINs (INNER/LEFT/RIGHT/FULL)","Easy","code_completion","Complete the JOIN to include all employees even without a department.","INNER JOIN","CROSS JOIN","LEFT JOIN","RIGHT JOIN","C","LEFT JOIN returns all rows from the left table (employees) and matching rows from the right table.","SELECT e.name, d.name FROM employees e ___ departments d ON e.dept_id = d.id;"
"361","SQL","SELECT basics","Hard","code_completion","Complete the query to combine results from two queries without duplicates.","UNION","MERGE","UNION ALL","COMBINE","A","UNION combines results and removes duplicates; UNION ALL would keep duplicates.","SELECT name FROM customers
___
SELECT name FROM suppliers;"
"362","SQL","Normalization","Medium","code_completion","Complete the normalization rule: In 2NF, every non-key attribute must depend on the ___ primary key.","first column of the","last column of the","entire","any part of the","C","2NF eliminates partial dependencies: non-key attributes must depend on the entire composite primary key, not just part of it.","-- 2NF rule: No partial dependencies
-- Every non-key attribute depends on the ___ primary key"
"363","SQL","WHERE/ORDER BY/GROUP BY/HAVING","Hard","code_completion","Complete the query to limit results to 10 rows with an offset of 20.","START","SKIP","FROM","OFFSET","D","OFFSET skips the specified number of rows before returning LIMIT rows.","SELECT * FROM products ORDER BY price DESC
LIMIT 10 ___ 20;"
"364","SQL","WHERE/ORDER BY/GROUP BY/HAVING","Hard","code_completion","Complete the query to find names matching a pattern.","LIKE","SIMILAR","MATCHES","EQUALS","A","LIKE is used for pattern matching with wildcards (% and _).","SELECT name FROM employees WHERE name ___ 'J%son';"
"365","SQL","Transactions","Hard","code_completion","Complete the statement to set the isolation level.","SERIALIZABLE","STRICT","LOCKED","MAXIMUM","A","SERIALIZABLE is the highest isolation level, preventing dirty reads, non-repeatable reads, and phantom reads.","SET TRANSACTION ISOLATION LEVEL ___;"
"366","SQL","Subqueries","Hard","code_completion","Complete the correlated subquery to find employees earning the max salary in their department.","name","id","dept_id","salary","C","The correlated subquery matches on dept_id to find the max salary within each employee's own department.","SELECT * FROM employees e1
WHERE salary = (SELECT MAX(salary) FROM employees e2 WHERE e2.dept_id = e1.___);"
"367","SQL","DDL (CREATE/ALTER/DROP)","Easy","code_completion","Complete the statement to create a new table.","NEW","MAKE","ADD","CREATE","D","CREATE TABLE is the DDL command to define a new table.","___ TABLE users (
  id INT PRIMARY KEY,
  name VARCHAR(100)
);"
"368","SQL","CTEs","Easy","code_completion","Complete the CTE syntax.","WITH","CREATE CTE","DECLARE","DEFINE","A","The WITH keyword introduces a Common Table Expression.","___ dept_stats AS (
  SELECT dept_id, AVG(salary) AS avg_sal FROM employees GROUP BY dept_id
)
SELECT * FROM dept_stats;"
"369","SQL","Query Optimization","Medium","code_completion","Complete the hint to force a specific index (MySQL syntax).","APPLY","FORCE","USE","WITH","B","FORCE INDEX tells MySQL to use the specified index. USE INDEX is a softer hint.","SELECT * FROM orders ___ INDEX (idx_customer) WHERE customer_id = 100;"
"370","SQL","DML (INSERT/UPDATE/DELETE)","Medium","code_completion","Complete the DELETE statement to remove specific rows.","DELETE","DROP","ERASE","REMOVE","A","DELETE FROM removes rows matching the WHERE condition from the table.","___ FROM orders WHERE status = 'cancelled' AND order_date < '2024-01-01';"
"371","SQL","Transactions","Medium","code_completion","Complete the statement to create a savepoint.","SAVEPOINT","BOOKMARK","CHECKPOINT","MARK","A","SAVEPOINT creates a point within the transaction to which you can later roll back.","BEGIN;
UPDATE t SET val = 1;
___ sp1;
UPDATE t SET val = 2;"
"372","SQL","SELECT basics","Easy","code_completion","Fill in the blank: Complete the query to select all columns from the 'customers' table.","*","COLUMNS","ALL","EVERY","A","The asterisk (*) selects all columns from the specified table.","SELECT ___ FROM customers;"
"373","SQL","WHERE/ORDER BY/GROUP BY/HAVING","Medium","code_completion","Complete the query to filter groups with more than 5 employees.","WHEN","HAVING","FILTER","WHERE","B","HAVING filters groups after GROUP BY; WHERE cannot be used with aggregate functions.","SELECT department, COUNT(*) AS cnt FROM employees GROUP BY department ___ COUNT(*) > 5;"
"374","SQL","JOINs (INNER/LEFT/RIGHT/FULL)","Medium","code_completion","Complete the query to return all rows from both tables even without matches.","LEFT","FULL","RIGHT","INNER","B","FULL OUTER JOIN returns all rows from both tables, with NULLs where there is no match.","SELECT * FROM t1 ___ OUTER JOIN t2 ON t1.id = t2.id;"
"375","SQL","CTEs","Medium","code_completion","Complete the recursive CTE to generate numbers 1 to 10.","MERGE","PLUS","UNION","UNION ALL","D","UNION ALL combines the anchor member with the recursive member in a recursive CTE.","WITH RECURSIVE nums AS (
  SELECT 1 AS n
  ___
  SELECT n + 1 FROM nums WHERE n < 10
)
SELECT n FROM nums;"
"376","SQL","WHERE/ORDER BY/GROUP BY/HAVING","Medium","code_completion","Complete the query to check for NULL values.","EQUALS","=","IS","==","C","IS NULL is the correct way to test for NULL values. The = operator does not work with NULL.","SELECT name FROM employees WHERE phone ___  NULL;"
"377","SQL","DDL (CREATE/ALTER/DROP)","Hard","code_completion","Complete the statement to remove a column from a table.","DROP","DELETE","REMOVE","ERASE","A","DROP COLUMN removes a column from an existing table.","ALTER TABLE users ___ COLUMN middle_name;"
"378","SQL","Indexes","Medium","code_completion","Complete the statement to create a unique index.","DISTINCT","UNIQUE","EXCLUSIVE","SINGLE","B","UNIQUE INDEX enforces that no duplicate values exist in the indexed column.","CREATE ___ INDEX idx_ssn ON employees(ssn);"
"379","SQL","Transactions","Hard","code_completion","Fill in the blank: Complete the statement to roll back to a savepoint.","UNTIL","AT","FROM","TO","D","ROLLBACK TO reverts changes to the state at the specified savepoint without aborting the entire transaction.","ROLLBACK ___ savepoint_name;"
"380","SQL","WHERE/ORDER BY/GROUP BY/HAVING","Easy","code_completion","Complete the query to sort results by name alphabetically.","SORT BY","ARRANGE BY","GROUP BY","ORDER BY","D","ORDER BY sorts the result set. ASC (ascending) is the default order.","SELECT name FROM employees ___ name ASC;"
"381","SQL","Window Functions","Medium","code_completion","Complete the query to partition the ranking by department.","PARTITION BY","SPLIT BY","DIVIDE BY","GROUP BY","A","PARTITION BY divides the result set into partitions for independent window function computation.","SELECT name, dept, salary, ROW_NUMBER() OVER (___ dept ORDER BY salary DESC) AS rn FROM employees;"
"382","SQL","Normalization","Hard","code_completion","Fill in the blank: Complete the definition: BCNF requires that every ___ must be a candidate key.","attribute / primary key","determinant / superkey","column / index","dependent / foreign key","B","BCNF strengthens 3NF by requiring that every determinant in a functional dependency is a superkey.","-- BCNF: For every functional dependency X -> Y,
-- X must be a ___"
"383","SQL","DML (INSERT/UPDATE/DELETE)","Hard","code_completion","Complete the MERGE statement's WHEN clause.","JOINED","MATCHED","FOUND","EXISTS","B","WHEN MATCHED specifies the action when a matching row exists; WHEN NOT MATCHED handles new rows.","MERGE INTO target t USING source s ON t.id = s.id
WHEN ___ THEN UPDATE SET t.val = s.val
WHEN NOT MATCHED THEN INSERT (id, val) VALUES (s.id, s.val);"
"384","SQL","Views","Hard","code_completion","Complete the view to prevent modifications that violate the view condition.","CHECK","VERIFY","ENFORCE","VALIDATE","A","WITH CHECK OPTION ensures that INSERT/UPDATE through the view must satisfy the view's WHERE clause.","CREATE VIEW high_earners AS
SELECT * FROM employees WHERE salary > 100000
WITH ___ OPTION;"
"385","SQL","JOINs (INNER/LEFT/RIGHT/FULL)","Easy","code_completion","Complete the JOIN to combine employees and departments.","INNER JOIN","ATTACH","COMBINE","LEFT MERGE","A","INNER JOIN returns only rows where the join condition is met in both tables.","SELECT e.name, d.name FROM employees e ___ departments d ON e.dept_id = d.id;"
"386","SQL","WHERE/ORDER BY/GROUP BY/HAVING","Easy","code_completion","Fill in the blank: Complete the query to sort results by name alphabetically.","GROUP BY","ARRANGE BY","SORT BY","ORDER BY","D","ORDER BY sorts the result set. ASC (ascending) is the default order.","SELECT name FROM employees ___ name ASC;"
"387","SQL","SELECT basics","Medium","code_completion","Complete the query to return the first non-NULL value.","ISNULL","IFNULL","COALESCE","NVL","C","COALESCE returns the first non-NULL value from its argument list.","SELECT ___(phone, mobile, 'N/A') AS contact FROM users;"
"388","SQL","Query Optimization","Medium","code_completion","Complete the query to update statistics on a table (PostgreSQL).","UPDATE STATISTICS","REINDEX","REFRESH","ANALYZE","D","ANALYZE collects statistics about the data distribution in the table, helping the query optimizer make better plans.","___ orders;"
"389","SQL","Normalization","Hard","code_completion","Complete the definition: BCNF requires that every ___ must be a candidate key.","column / index","determinant / superkey","attribute / primary key","dependent / foreign key","B","BCNF strengthens 3NF by requiring that every determinant in a functional dependency is a superkey.","-- BCNF: For every functional dependency X -> Y,
-- X must be a ___"
"390","SQL","DML (INSERT/UPDATE/DELETE)","Easy","code_completion","Fill in the blank: Complete the statement to add a new row.","INSERT","APPEND","PUT","ADD","A","INSERT INTO adds a new row to the specified table.","___ INTO employees (name, salary) VALUES ('Alice', 50000);"
"391","SQL","DDL (CREATE/ALTER/DROP)","Easy","code_completion","Complete the statement to permanently remove a table.","REMOVE","DESTROY","DROP","DELETE","C","DROP TABLE permanently removes the table and all its data from the database.","___ TABLE old_logs;"
"392","SQL","CTEs","Medium","code_completion","Complete the CTE to define multiple CTEs.","WITH","ALSO","AND","","D","Multiple CTEs are separated by commas after the initial WITH keyword. No additional keyword is needed.","WITH cte1 AS (SELECT ...), 
___ cte2 AS (SELECT ...)
SELECT * FROM cte1 JOIN cte2 ON ...;"
"393","SQL","Normalization","Hard","code_completion","Complete the normalization rule: In 3NF, there must be no ___ dependencies.","functional","transitive","circular","partial","B","3NF eliminates transitive dependencies where a non-key column depends on another non-key column.","-- 3NF rule: 2NF plus no ___ dependencies
-- Non-key columns must not depend on other non-key columns"
"394","SQL","Window Functions","Hard","code_completion","Complete the window function to get the previous row's value.","LEAD","LAG","PREV","BEFORE","B","LAG accesses the value from a preceding row in the ordered result set.","SELECT date, revenue, ___(revenue) OVER (ORDER BY date) AS prev_revenue FROM daily_sales;"
"395","SQL","Aggregate Functions","Medium","code_completion","Complete the query to find the second highest salary.","MIN","SUM","AVG","MAX","D","The subquery finds the maximum salary; the outer query finds the maximum salary less than that, giving the second highest.","SELECT MAX(salary) FROM employees WHERE salary < (SELECT ___(salary) FROM employees);"
"396","SQL","Subqueries","Easy","code_completion","Complete the query to find employees earning above average.","RETURN","SELECT","FIND","GET","B","A subquery starts with SELECT to return a value for comparison.","SELECT name FROM employees WHERE salary > (___ AVG(salary) FROM employees);"
"397","SQL","Views","Easy","code_completion","Complete the statement to create a view.","VIEW","ALIAS","QUERY","TABLE","A","CREATE VIEW defines a virtual table based on a SELECT query.","CREATE ___ active_users AS
SELECT id, name, email FROM users WHERE status = 'active';"
"398","SQL","Subqueries","Medium","code_completion","Complete the query using EXISTS.","EXISTS","SOME","ANY","IN","A","EXISTS returns TRUE if the subquery returns any rows.","SELECT d.name FROM departments d WHERE ___ (SELECT 1 FROM employees e WHERE e.dept_id = d.id);"
"399","SQL","Window Functions","Medium","code_completion","Complete the query to calculate the percentage of total.","COUNT","SUM","AVG","MAX","B","SUM(salary) OVER () calculates the total salary across all rows, used as the denominator for percentage.","SELECT name, salary, 
  salary * 100.0 / ___(salary) OVER () AS pct_of_total
FROM employees;"
"400","SQL","DML (INSERT/UPDATE/DELETE)","Easy","code_completion","Complete the statement to add a new row.","ADD","PUT","INSERT","APPEND","C","INSERT INTO adds a new row to the specified table.","___ INTO employees (name, salary) VALUES ('Alice', 50000);"
"401","SQL","Indexes","Hard","code_completion","Complete the statement to drop an index.","REMOVE","DESTROY","DELETE","DROP","D","DROP INDEX removes an existing index from the database.","___ INDEX idx_old_email ON users;"
"402","SQL","Aggregate Functions","Easy","code_completion","Complete the query to count all rows.","COUNT","TOTAL","NUM","SUM","A","COUNT(*) counts all rows in the result set, including rows with NULL values.","SELECT ___(*)  AS total FROM orders;"
"403","SQL","WHERE/ORDER BY/GROUP BY/HAVING","Easy","code_completion","Complete the query to filter employees by department.","WHERE","FILTER","HAVING","WHEN","A","WHERE is used to filter rows before any grouping.","SELECT name FROM employees ___ department = 'Sales';"
"404","SQL","Aggregate Functions","Hard","code_completion","Complete the query to concatenate employee names per department.","CONCAT_AGG","LISTAGG","GROUP_CONCAT","STRING_AGG","D","STRING_AGG (PostgreSQL/SQL Server) concatenates values with a separator within each group.","SELECT dept, ___(name, ', ' ORDER BY name) AS members FROM employees GROUP BY dept;"
"405","SQL","Query Optimization","Easy","code_completion","Complete the statement to view the query execution plan.","SHOW PLAN","ANALYZE","DESCRIBE","EXPLAIN","D","EXPLAIN displays the execution plan that the database engine will use for the query.","___ SELECT * FROM orders WHERE customer_id = 100;"
"406","SQL","Indexes","Hard","code_completion","Complete the partial index definition.","WHERE","HAVING","WHEN","IF","A","A partial (filtered) index uses a WHERE clause to include only specific rows.","CREATE INDEX idx_active ON users(email) ___ status = 'active';"
"407","SQL","Views","Medium","code_completion","Complete the statement to replace an existing view.","OVERWRITE","MODIFY","UPDATE","REPLACE","D","CREATE OR REPLACE VIEW updates the view definition if it already exists, or creates it if it doesn't.","CREATE OR ___ VIEW sales_summary AS
SELECT region, SUM(amount) AS total FROM sales GROUP BY region;"
"408","SQL","Indexes","Easy","code_completion","Complete the statement to create an index.","KEY","INDEX","LOOKUP","POINTER","B","CREATE INDEX creates a new index on the specified column(s).","CREATE ___ idx_email ON users(email);"
"409","SQL","Aggregate Functions","Medium","code_completion","Complete the query to calculate the average excluding duplicates.","DIFFERENT","DISTINCT","SINGLE","UNIQUE","B","DISTINCT inside an aggregate function processes only unique values.","SELECT AVG(___ salary) AS avg_unique_sal FROM employees;"
"410","SQL","DML (INSERT/UPDATE/DELETE)","Medium","code_completion","Complete the UPDATE statement.","MODIFY","VALUES","SET","CHANGE","C","SET specifies the column and its new value in an UPDATE statement.","UPDATE employees ___ salary = salary * 1.1 WHERE department = 'Engineering';"
"411","SQL","CTEs","Hard","code_completion","Complete the CTE to find the hierarchy of categories.","name","level","parent_id","id","C","The recursive join matches each category's parent_id to the parent's id in the CTE.","WITH RECURSIVE cat_tree AS (
  SELECT id, name, parent_id, 1 AS level FROM categories WHERE parent_id IS NULL
  UNION ALL
  SELECT c.id, c.name, c.parent_id, ct.level + 1
  FROM categories c JOIN cat_tree ct ON c.___ = ct.id
)
SELECT * FROM cat_tree;"
"412","SQL","Query Optimization","Hard","code_completion","Fill in the blank: Complete the SARGable version of a date filter.","THEN","BUT","AND","OR","C","Using AND with range conditions on the raw column is SARGable, allowing the database to use an index on created_at.","-- Instead of: WHERE YEAR(created_at) = 2025
-- Use:
WHERE created_at >= '2025-01-01' ___ created_at < '2026-01-01';"
"413","SQL","JOINs (INNER/LEFT/RIGHT/FULL)","Medium","code_completion","Complete the query using USING shorthand for the join condition.","USING","ON","MATCHING","WHERE","A","USING(column) is shorthand for ON when both tables have a column with the same name.","SELECT * FROM orders JOIN customers ___(customer_id);"
"414","SQL","JOINs (INNER/LEFT/RIGHT/FULL)","Hard","code_completion","Complete the query to produce all combinations of colors and sizes.","CROSS JOIN","FULL JOIN","INNER JOIN","LEFT JOIN","A","CROSS JOIN produces a Cartesian product of all rows from both tables.","SELECT c.name, s.name FROM colors c ___ sizes s;"
"415","SQL","Window Functions","Hard","code_completion","Complete the window frame for a running total.","1 FOLLOWING","1 PRECEDING","UNBOUNDED FOLLOWING","UNBOUNDED PRECEDING","D","UNBOUNDED PRECEDING starts the frame from the first row, creating a cumulative (running) total.","SELECT date, amount, SUM(amount) OVER (ORDER BY date ROWS BETWEEN ___ AND CURRENT ROW) AS running_total FROM sales;"
"416","SQL","WHERE/ORDER BY/GROUP BY/HAVING","Medium","code_completion","Fill in the blank: Complete the query to filter groups with more than 5 employees.","WHEN","WHERE","HAVING","FILTER","C","HAVING filters groups after GROUP BY; WHERE cannot be used with aggregate functions.","SELECT department, COUNT(*) AS cnt FROM employees GROUP BY department ___ COUNT(*) > 5;"
"417","SQL","Transactions","Hard","code_completion","Complete the statement to roll back to a savepoint.","TO","AT","UNTIL","FROM","A","ROLLBACK TO reverts changes to the state at the specified savepoint without aborting the entire transaction.","ROLLBACK ___ savepoint_name;"
"418","SQL","Transactions","Medium","code_completion","Complete the statement to save changes permanently.","SAVE","END","APPLY","COMMIT","D","COMMIT permanently saves all changes made during the current transaction.","BEGIN;
INSERT INTO log (message) VALUES ('test');
___;"
"419","SQL","DML (INSERT/UPDATE/DELETE)","Easy","code_completion","Complete the statement to remove all rows from a table quickly.","TRUNCATE","DELETE","CLEAR","DROP","A","TRUNCATE removes all rows from a table quickly without logging individual row deletions.","___ TABLE temp_data;"
"420","SQL","Transactions","Easy","code_completion","Complete the statement to start a transaction.","START","BEGIN","INIT","OPEN","B","BEGIN (or BEGIN TRANSACTION) starts a new transaction.","___;
UPDATE accounts SET balance = balance - 100 WHERE id = 1;
UPDATE accounts SET balance = balance + 100 WHERE id = 2;
COMMIT;"
"421","SQL","WHERE/ORDER BY/GROUP BY/HAVING","Easy","code_completion","Complete the query to check if a value is in a list.","AMONG","WITHIN","IN","CONTAINS","C","IN checks if a value matches any value in a specified list.","SELECT * FROM employees WHERE department ___ ('Sales', 'Marketing', 'HR');"
"422","SQL","CTEs","Hard","code_completion","Fill in the blank: Complete the CTE to find the hierarchy of categories.","parent_id","level","id","name","A","The recursive join matches each category's parent_id to the parent's id in the CTE.","WITH RECURSIVE cat_tree AS (
  SELECT id, name, parent_id, 1 AS level FROM categories WHERE parent_id IS NULL
  UNION ALL
  SELECT c.id, c.name, c.parent_id, ct.level + 1
  FROM categories c JOIN cat_tree ct ON c.___ = ct.id
)
SELECT * FROM cat_tree;"
"423","SQL","Query Optimization","Hard","code_completion","Complete the SARGable version of a date filter.","AND","THEN","BUT","OR","A","Using AND with range conditions on the raw column is SARGable, allowing the database to use an index on created_at.","-- Instead of: WHERE YEAR(created_at) = 2025
-- Use:
WHERE created_at >= '2025-01-01' ___ created_at < '2026-01-01';"
"424","SQL","SELECT basics","Easy","code_completion","Complete the query to get the current date.","NOW()","TODAY()","GETDATE()","CURRENT_DATE","D","CURRENT_DATE returns the current date in standard SQL.","SELECT ___ AS today;"
"425","SQL","Views","Medium","code_completion","Complete the statement to drop a view.","REMOVE","DELETE","DESTROY","DROP","D","DROP VIEW removes a view definition from the database. IF EXISTS prevents errors if the view doesn't exist.","___ VIEW IF EXISTS old_report;"
"426","SQL","SELECT basics","Easy","code_completion","Complete the query to select all columns from the 'customers' table.","ALL","COLUMNS","*","EVERY","C","The asterisk (*) selects all columns from the specified table.","SELECT ___ FROM customers;"
"427","SQL","SELECT basics","Medium","code_completion","Complete the query to rename the column in the output.","CALLED","RENAME","AS","TO","C","AS creates an alias for the column in the result set.","SELECT first_name ___ name FROM employees;"
"428","SQL","DDL (CREATE/ALTER/DROP)","Medium","code_completion","Complete the statement to add a CHECK constraint.","RULE","CONSTRAINT","CONDITION","VALIDATION","B","CONSTRAINT followed by a name defines a named constraint on the table.","ALTER TABLE employees ADD ___ chk_salary CHECK (salary > 0);"
"429","SQL","Query Optimization","Hard","code_completion","Complete the PostgreSQL hint to parallelize a query.","0","4","NULL","-1","B","Setting max_parallel_workers_per_gather to a positive integer (e.g., 4) allows PostgreSQL to use parallel workers for query execution.","SET max_parallel_workers_per_gather = ___;"
"430","SQL","Aggregate Functions","Hard","code_completion","Complete the query to calculate a conditional count.","RETURN","YIELD","OUTPUT","THEN","D","THEN specifies the value to return when the CASE condition is met.","SELECT
  COUNT(CASE WHEN status = 'active' ___ 1 END) AS active_count,
  COUNT(CASE WHEN status = 'inactive' THEN 1 END) AS inactive_count
FROM users;"
"431","SQL","DDL (CREATE/ALTER/DROP)","Hard","code_completion","Complete the statement to create a table from a query result.","FROM","WITH","AS","USING","C","CREATE TABLE ... AS SELECT creates a new table populated with the result of the query.","CREATE TABLE summary ___ SELECT region, SUM(sales) AS total FROM orders GROUP BY region;"
"432","SQL","SELECT basics","Easy","code_completion","Complete the query to limit the result to 5 rows.","TOP","FIRST","LIMIT","TAKE","C","LIMIT restricts the number of rows returned by the query.","SELECT name FROM products ORDER BY price DESC ___ 5;"
"433","SQL","DML (INSERT/UPDATE/DELETE)","Hard","code_completion","Complete the INSERT with ON CONFLICT (PostgreSQL upsert).","EXISTS","CONFLICT","MATCH","DUPLICATE","B","ON CONFLICT specifies the conflict target (column/constraint) and the action to take on conflict.","INSERT INTO products (id, name, price) VALUES (1, 'Widget', 9.99)
ON ___ (id) DO UPDATE SET price = EXCLUDED.price;"
"434","SQL","WHERE/ORDER BY/GROUP BY/HAVING","Medium","code_completion","Complete the query to group employees by department.","GROUP BY","COLLECT BY","ORDER BY","PARTITION BY","A","GROUP BY groups rows with the same value for aggregate calculations.","SELECT department, COUNT(*) FROM employees ___ department;"
"435","SQL","Normalization","Easy","code_completion","Complete the statement: First Normal Form requires that each column contains ___ values.","indexed","atomic","string","numeric","B","Atomic means indivisible - each cell should contain a single value, not a list or set of values.","-- 1NF rule: Each column must contain ___ values
-- No repeating groups or arrays"
"436","SQL","JOINs (INNER/LEFT/RIGHT/FULL)","Hard","code_completion","Complete the self-join to find employees and their managers.","id","dept_id","name","manager_id","D","The self-join matches each employee's manager_id to the manager's id in the same table.","SELECT e.name AS employee, m.name AS manager
FROM employees e LEFT JOIN employees m ON e.___ = m.id;"
"437","SQL","Indexes","Medium","code_completion","Complete the statement to create a composite index.","PRIMARY","order_date","ASC","INDEX","B","A composite index includes multiple columns listed in the parentheses.","CREATE INDEX idx_name_date ON orders(customer_name, ___);"
"438","SQL","DDL (CREATE/ALTER/DROP)","Medium","code_completion","Complete the statement to add a foreign key constraint.","PRIMARY KEY","UNIQUE KEY","FOREIGN KEY","INDEX","C","FOREIGN KEY defines a column that references a primary key in another table.","ALTER TABLE orders ADD CONSTRAINT fk_cust ___ (customer_id) REFERENCES customers(id);"
"439","SQL","SELECT basics","Easy","code_completion","Complete the query to select unique city values.","SINGLE","UNIQUE","DIFFERENT","DISTINCT","D","DISTINCT eliminates duplicate values from the result set.","SELECT ___ city FROM customers;"
"440","SQL","CTEs","Easy","mcq","How do you define multiple CTEs in a single SQL statement?","Use one WITH keyword followed by comma-separated CTE definitions: WITH a AS (...), b AS (...) SELECT ...","Write a separate WITH clause for each CTE before every subquery","Use CREATE TEMP VIEW for each CTE within the same statement","Nest each CTE inside the FROM clause of the previous one","A","Multiple CTEs share one WITH keyword and are separated by commas; later CTEs can even reference earlier ones defined in the same list.",""
"441","SQL","CTEs","Medium","mcq","What is the key difference between a CTE and a temporary table?","A CTE exists only for the duration of the single query it is defined in; a temporary table is stored on disk for the session and can be reused across multiple queries","A temporary table exists only for one query; a CTE persists for the entire session","CTEs are faster than temporary tables because they are always cached in memory","A CTE can be indexed; a temporary table cannot be indexed","A","CTEs are purely syntactic — they vanish after the query runs. Temp tables (#table in SQL Server, CREATE TEMP TABLE) persist for the session and support indexes.",""
"442","SQL","CTEs","Medium","mcq","Can a CTE be used in an UPDATE or DELETE statement?","Yes — a CTE can be defined with WITH and then referenced in the UPDATE or DELETE statement that follows","No — CTEs are only allowed before SELECT statements","Only in PostgreSQL; SQL Server and MySQL do not support CTEs in DML","Yes, but only when the CTE contains a single column","A","Most major databases (PostgreSQL, SQL Server, MySQL 8+) allow CTEs to precede UPDATE or DELETE, enabling complex filtered modifications without nested subqueries.",""
"443","SQL","CTEs","Easy","mcq","What is the scope of a CTE — where is it accessible?","Only within the single SQL statement (query) immediately following its WITH clause","For the entire duration of the current database session","Across all queries in the same transaction block","Globally, like a view, once it is defined with WITH","A","A CTE's scope is limited to the one statement that defines it; it cannot be referenced in a subsequent query or by other sessions.",""
"444","SQL","CTEs","Hard","mcq","What is the anchor member in a recursive CTE?","The non-recursive base SELECT that produces the initial result set from which recursion begins","The RECURSIVE keyword that enables self-referencing in the CTE","The final SELECT that reads from the CTE after recursion completes","The UNION ALL operator that combines recursive iterations","A","A recursive CTE has two parts joined by UNION ALL: the anchor member (base case) runs once to seed the recursion, and the recursive member runs repeatedly referencing the CTE until no rows are returned.",""
"445","SQL","Indexes","Medium","mcq","What is the difference between a clustered and a non-clustered index?","A clustered index physically reorders table rows to match the index order (only one per table); a non-clustered index stores a separate sorted structure with pointers to the actual rows","A clustered index is created automatically; a non-clustered index must always be created manually","A clustered index covers all columns; a non-clustered index covers only the indexed columns","A clustered index is used only for primary keys; a non-clustered index is used only for foreign keys","A","The clustered index determines physical row storage order — a table can only have one. Non-clustered indexes are separate B-tree structures with row locators pointing back to the heap or clustered index.",""
"446","SQL","Indexes","Easy","mcq","What does a UNIQUE index enforce on a column?","That no two rows can have the same value in that column (or combination of columns), rejecting duplicate inserts","That the column cannot contain NULL values","That the column is always indexed in ascending order","That the column is automatically set as the primary key","A","A UNIQUE index ensures all values in the indexed column(s) are distinct; it differs from a PRIMARY KEY in that it allows one NULL (in most databases) and a table can have multiple UNIQUE indexes.",""
"447","SQL","Indexes","Medium","mcq","What is a partial (filtered) index?","An index built only on a subset of rows that satisfy a WHERE condition, making it smaller and faster for queries targeting that subset","An index that covers only some columns of a table rather than all columns","An index that is partially built and completed in the background without locking","An index on a computed column that stores partial string values","A","A filtered index (SQL Server) or partial index (PostgreSQL) is defined with a WHERE clause (e.g., WHERE status='active'), reducing index size and maintenance overhead.",""
"448","SQL","Indexes","Medium","mcq","In a composite index on (last_name, first_name), which query benefits from the index?","WHERE last_name = 'Smith' — it uses the leftmost prefix of the composite index","WHERE first_name = 'John' only — it uses the second column directly","WHERE first_name = 'John' AND last_name = 'Smith' — but only if first_name appears first in the WHERE clause","Neither query benefits because composite indexes require all columns to be specified","A","The leftmost prefix rule: a composite index (A, B) can be used for queries filtering on A alone or (A, B) together. Queries filtering on B alone cannot use the index without scanning it fully.",""
"449","SQL","Indexes","Hard","mcq","What is index fragmentation and how does it impact performance?","When index pages become logically or physically disordered due to inserts/updates/deletes, causing more I/O reads and slower queries — resolved by REBUILD or REORGANIZE","When too many indexes are created on a table, fragmenting write operations across multiple I/O paths","When an index references deleted rows that were not yet purged from the index structure","When an index is split across multiple database files, increasing seek time","A","Fragmentation fills index pages unevenly over time. REBUILD recreates the index from scratch (low fragmentation); REORGANIZE defragments in-place (medium fragmentation).",""
"450","SQL","Normalization","Medium","mcq","What does Third Normal Form (3NF) require in addition to 2NF?","No transitive dependencies — every non-key column must depend directly on the primary key, not on another non-key column","No partial dependencies — all non-key columns must depend on the full composite primary key","All repeating groups must be removed and each column must hold atomic values","Every determinant must be a candidate key, eliminating all non-trivial functional dependencies","A","3NF builds on 2NF by eliminating transitive dependencies (A → B → C where B is not a key); 2NF deals with partial dependencies on composite keys; BCNF is stricter than 3NF.",""
"451","SQL","Normalization","Medium","mcq","What is a functional dependency in database normalization?","When the value of one column (or set of columns) uniquely determines the value of another column — written as A → B","When two columns always contain the same data type and length","When a foreign key column always references a valid primary key value","When a column's value is calculated from other columns using a formula","A","Functional dependency A → B means knowing A's value tells you exactly what B's value must be. Normalization eliminates undesirable dependencies to reduce redundancy.",""
"452","SQL","Normalization","Easy","mcq","What are the three types of anomalies that poor normalization causes?","Insertion anomaly (cannot add data without unrelated data), update anomaly (must update multiple rows for one fact), deletion anomaly (deleting a row loses unrelated facts)","Null anomaly, duplicate anomaly, and constraint anomaly","Read anomaly, write anomaly, and lock anomaly","Index anomaly, join anomaly, and schema anomaly","A","These three anomalies are the core motivation for normalization: they cause data integrity issues when the same fact is stored redundantly across multiple rows.",""
"453","SQL","Normalization","Medium","mcq","What is denormalization and when is it appropriate?","Intentionally introducing redundancy into a normalized schema to improve read performance — appropriate in read-heavy systems like data warehouses and reporting databases","The process of removing all primary and foreign key constraints to speed up bulk loads","Converting a 3NF schema back to 1NF by merging all tables into one","Adding computed columns and indexes to a normalized table to speed up joins","A","Denormalization trades storage and write complexity for faster reads by pre-joining or pre-aggregating data; OLAP/data warehouse schemas like Star Schema are deliberately denormalized.",""
"454","SQL","Normalization","Hard","mcq","What distinguishes BCNF from 3NF?","In BCNF every determinant must be a candidate key, making it stricter than 3NF which allows non-key determinants if they do not create transitive dependencies on non-key attributes","BCNF applies only to tables with composite keys; 3NF applies to all tables","BCNF also eliminates multi-valued dependencies; 3NF does not address them","BCNF is equivalent to 3NF — the two terms are interchangeable in modern databases","A","A table in 3NF can still violate BCNF when a non-candidate-key attribute is a determinant (creates a functional dependency to another attribute). BCNF closes this loophole.",""
"455","SQL","Views","Medium","mcq","What is a materialized view and how does it differ from a standard view?","A materialized view physically stores the query result on disk and must be refreshed periodically; a standard view re-executes its query every time it is accessed","A materialized view is a view that cannot be updated; a standard view can always be updated","A materialized view is a temporary view that disappears after the session ends; a standard view persists permanently","A materialized view only stores aggregate results; a standard view stores individual rows","A","Materialized views trade storage and staleness for faster reads — great for expensive aggregations. Standard views are just saved queries with no storage overhead but no performance shortcut either.",""
"456","SQL","Views","Medium","mcq","Under which conditions can a SQL view be updated (INSERT/UPDATE/DELETE)?","When the view is based on a single table with no GROUP BY, DISTINCT, aggregate functions, or subqueries in the SELECT list","Views can never be updated — they are always read-only in standard SQL","Any view can be updated as long as the update affects only one column at a time","Only views created with the UPDATABLE keyword can accept DML operations","A","Simple single-table views without aggregation or set operations are updatable; complex views (joins, GROUP BY, DISTINCT, aggregates) are read-only because the database cannot map the change back to a single base row.",""
"457","SQL","Views","Easy","mcq","What security advantage do views provide over direct table access?","Views can expose only specific columns and rows to users, hiding sensitive data like salaries or SSNs without giving access to the base table","Views encrypt the underlying table data automatically when accessed by non-owner users","Views require a password to query, adding an authentication layer on top of table permissions","Views prevent SQL injection because parameters are sanitised before the view query runs","A","A view can select only the non-sensitive columns (e.g., no salary column) and grant users SELECT on the view rather than the base table, achieving column-level access control.",""
"458","SQL","Views","Medium","mcq","What happens to a view when the underlying base table is dropped?","The view becomes invalid but still exists as a definition — querying it raises an error until the base table is recreated or the view is dropped","The view is automatically dropped along with the base table","The view retains a snapshot of the last data and continues to return it","The database prevents the DROP TABLE if any view depends on it","A","Most databases (SQL Server, PostgreSQL) leave the view definition intact but mark it as invalid/broken; MySQL also keeps the definition but raises an error on access. Only DROP TABLE ... CASCADE in some DBs removes dependent views.",""
"459","SQL","Views","Hard","mcq","Can a non-materialized view have an index created on it?","In SQL Server, yes — an 'indexed view' requires WITH SCHEMABINDING and creates a clustered index on the view, physically storing the result; standard views cannot be indexed","No database supports indexes on views of any kind","Yes, any view can have a standard B-tree index on any of its columns","Only views based on a single table can have indexes; views with JOINs cannot","A","SQL Server's indexed (materialized) views require WITH SCHEMABINDING to lock the base table schema, then a unique clustered index is created which physically stores the result — effectively making it a materialized view.",""
"460","SQL","DML (INSERT/UPDATE/DELETE)","Medium","mcq","What is an UPSERT operation in SQL?","An operation that inserts a new row if the key does not exist, or updates the existing row if it does — implemented with INSERT ... ON DUPLICATE KEY UPDATE (MySQL) or INSERT ... ON CONFLICT DO UPDATE (PostgreSQL) or MERGE (SQL Server)","An operation that performs UPDATE first and then SELECT to return the changed rows","An operation that UPdates multiple rows and then reSETs them to their original values","An operation that converts NULL values to defaults during a bulk INSERT","A","UPSERT avoids a separate SELECT-then-INSERT-or-UPDATE pattern; it is atomic and prevents race conditions in concurrent environments.",""
"461","SQL","DML (INSERT/UPDATE/DELETE)","Medium","mcq","How can you UPDATE rows in one table based on values from another table?","Use UPDATE ... FROM ... JOIN (SQL Server/PostgreSQL) or UPDATE with a subquery in the WHERE clause to join the two tables","You must SELECT the values first, store them in a variable, then run UPDATE","Use INSERT INTO ... SELECT to copy the values before updating","UPDATE only works on a single table; cross-table updates require a stored procedure","A","UPDATE with JOIN or UPDATE ... FROM allows updating rows based on conditions in a related table in a single statement, avoiding the need for cursors or application-side loops.",""
"462","SQL","DML (INSERT/UPDATE/DELETE)","Easy","mcq","What is the difference between DELETE and TRUNCATE in terms of transaction logging?","DELETE logs each individual row deletion and can be fully rolled back; TRUNCATE uses minimal logging (deallocates data pages) and cannot be rolled back in most databases","TRUNCATE logs every row like DELETE but runs faster due to parallel execution","DELETE cannot be rolled back; TRUNCATE can always be rolled back","Both DELETE and TRUNCATE produce identical transaction log entries","A","DELETE is fully logged per row making it slow on large tables but rollback-safe; TRUNCATE deallocates pages with minimal logging, which is much faster but loses rollback capability in many databases (except within an explicit transaction in SQL Server/PostgreSQL).",""
"463","SQL","DML (INSERT/UPDATE/DELETE)","Hard","mcq","What does the MERGE statement do in SQL?","Performs INSERT, UPDATE, and DELETE in a single atomic statement by comparing a source table to a target table and applying different actions based on whether rows match","Merges two tables permanently into one table by appending all rows from the source","Combines the results of two SELECT queries like UNION but without removing duplicates","Updates all NULL values in the target table with corresponding non-NULL values from the source","A","MERGE (also called UPSERT at scale) handles all three DML operations atomically: WHEN MATCHED → UPDATE, WHEN NOT MATCHED BY TARGET → INSERT, WHEN NOT MATCHED BY SOURCE → DELETE.",""
"464","SQL","Subqueries","Easy","mcq","What is a scalar subquery?","A subquery that returns exactly one row and one column — used in place of a single value in SELECT, WHERE, or SET clauses","A subquery that returns one row with multiple columns","A subquery that returns multiple rows but a single column","A subquery that scales its result to match the outer query's row count","A","A scalar subquery (e.g., SELECT (SELECT MAX(salary) FROM emp) AS max_sal) returns a single value; the database raises an error if it returns more than one row.",""
"465","SQL","Subqueries","Medium","mcq","What is the difference between the ANY and ALL operators with subqueries?","ANY returns true if the condition is satisfied by at least one row in the subquery; ALL returns true only if the condition is satisfied by every row in the subquery","ANY returns all matching rows; ALL returns only the first matching row","ANY is equivalent to IN; ALL is equivalent to NOT IN in all cases","ANY works with equality only; ALL works with all comparison operators","A","salary > ANY (SELECT ...) means 'greater than at least one value'; salary > ALL (SELECT ...) means 'greater than every value'. ANY with = is equivalent to IN; ANY with <> is not equivalent to NOT IN.",""
"466","SQL","Subqueries","Medium","mcq","Why can NOT IN with a subquery produce unexpected results when the subquery returns NULLs?","Any comparison with NULL using NOT IN evaluates to UNKNOWN, causing the entire NOT IN condition to return no rows even when matches exist","NOT IN automatically filters out NULL values so no rows are affected","NULL values in the subquery result in a SQL syntax error at runtime","NOT IN treats NULL as zero for numeric columns and as empty string for text columns","A","In three-valued logic, x NOT IN (1, NULL) evaluates as x<>1 AND x<>NULL; since x<>NULL is always UNKNOWN, the whole expression is UNKNOWN. Use NOT EXISTS to handle NULLs safely.",""
"467","SQL","Subqueries","Medium","mcq","What is a derived table in SQL?","A subquery placed in the FROM clause, treated as a temporary named result set for the outer query","A table created from another table using CREATE TABLE AS SELECT","A virtual table created from a VIEW definition","A table generated automatically from foreign key relationships","A","A derived table (e.g., SELECT * FROM (SELECT id, SUM(amount) FROM orders GROUP BY id) AS totals) acts as an inline view, usable only within the query that defines it.",""
"468","SQL","Subqueries","Hard","mcq","When is EXISTS preferred over IN for performance?","When the subquery result set is large — EXISTS short-circuits as soon as one matching row is found, while IN must evaluate the entire subquery result","EXISTS is always faster than IN regardless of result set size","EXISTS is preferred when the outer query has fewer rows than the subquery","IN is always preferred over EXISTS because EXISTS requires a correlated subquery","A","EXISTS stops as soon as it finds one match (semi-join semantics); IN materialises the full subquery result. For large subqueries EXISTS can be significantly faster, especially with proper indexing on the correlated column.",""
"469","SQL","Transactions","Medium","mcq","What are the three concurrency anomalies that transaction isolation levels protect against?","Dirty read (reading uncommitted changes), non-repeatable read (re-reading changed data), and phantom read (new rows appearing in a re-executed range query)","Deadlock, livelock, and starvation anomalies","Lost update, dirty write, and write skew anomalies","Cascade delete, orphan record, and referential integrity anomalies","A","These three are the classic anomalies: SERIALIZABLE prevents all three; REPEATABLE READ prevents dirty and non-repeatable reads but allows phantoms; READ COMMITTED prevents only dirty reads.",""
"470","SQL","Transactions","Medium","mcq","What is a deadlock in SQL, and how do databases typically resolve it?","When two transactions each hold a lock the other needs, creating a circular wait — the database detects it and automatically kills (rolls back) one transaction to break the cycle","When a transaction locks a table and forgets to COMMIT, blocking all other queries indefinitely","When two identical queries run simultaneously and produce conflicting results","When a ROLLBACK command is issued inside a nested transaction, causing the outer transaction to fail","A","The database's lock manager detects circular lock dependencies and chooses a 'victim' transaction to roll back, returning a deadlock error that the application should handle by retrying.",""
"471","SQL","Transactions","Easy","mcq","What is the difference between an implicit and an explicit transaction?","An implicit transaction is started automatically by each DML statement (auto-commit mode); an explicit transaction is manually started with BEGIN TRANSACTION and ended with COMMIT or ROLLBACK","An explicit transaction commits automatically; an implicit transaction requires manual COMMIT","An implicit transaction spans multiple sessions; an explicit transaction is limited to one session","An implicit transaction cannot be rolled back; an explicit transaction always rolls back on error","A","In auto-commit mode (default in most databases), each statement is its own transaction. Explicit transactions group multiple statements so they succeed or fail together as a unit.",""
"472","SQL","Transactions","Hard","mcq","What does the ACID property 'Isolation' guarantee?","Concurrent transactions execute as if they were running serially — each transaction's intermediate state is invisible to others until committed","Every transaction either completes fully or has no effect (all-or-nothing)","Once a transaction is committed, its changes are permanently saved even after a system crash","Each transaction leaves the database in a valid state consistent with all defined rules and constraints","A","Isolation prevents transactions from seeing each other's partial work. The degree of isolation is configurable via isolation levels; full isolation (SERIALIZABLE) trades concurrency for correctness.",""
"473","SQL","Query Optimization","Medium","mcq","Why should SELECT * be avoided in production queries?","It retrieves all columns including unnecessary ones, increasing I/O and network transfer, prevents covering index use, and breaks applications when columns are added or removed","SELECT * is slower because it sorts all columns alphabetically before returning them","SELECT * prevents the query optimiser from creating a valid execution plan","SELECT * always triggers a full table scan even when an index exists","A","Specifying only needed columns reduces data transfer, can enable covering indexes, and makes queries robust against schema changes. SELECT * in a subquery can also prevent predicate pushdown optimisations.",""
"474","SQL","Query Optimization","Medium","mcq","What is the N+1 query problem?","Executing one query to get N parent rows and then N separate queries to get children for each parent — solved by fetching all data in one JOIN query instead","A query that runs N+1 times due to an off-by-one error in a loop variable","A performance issue where adding a 1-row table to a JOIN multiplies the result set by N","A problem where more than N+1 indexes exist on a table, slowing writes","A","N+1 is common in ORM-based applications; instead of loading all children with the parents in one JOIN, the app fires a separate query per parent row — resulting in N+1 database round trips.",""
"475","SQL","Query Optimization","Medium","mcq","Why is it better to filter rows in WHERE rather than in HAVING when no aggregate is involved?","WHERE filters rows before grouping and aggregation, reducing the data the database processes; HAVING filters after aggregation, meaning all rows are grouped first before the filter is applied","HAVING is applied before WHERE, so using HAVING is always slower","WHERE cannot be used on tables larger than a certain size; HAVING has no such restriction","HAVING ignores indexes; WHERE always uses indexes","A","Applying non-aggregate conditions in WHERE reduces the row count before GROUP BY runs, processing fewer rows during the expensive aggregation step — a common optimisation.",""
"476","SQL","Query Optimization","Hard","mcq","What are column statistics in a database, and why do they matter for query optimisation?","Statistics store metadata about column value distributions (row count, cardinality, histograms) that the query optimiser uses to estimate the cost of different execution plans","Statistics are the total number of queries executed against each column, used to rank columns by popularity","Statistics record the last time each column was updated, used to decide when to rebuild indexes","Statistics are checksums stored per column to detect data corruption","A","Stale or missing statistics cause the optimiser to make poor plan choices (e.g., choosing a full scan over an index seek). Regular statistics updates (AUTO_UPDATE_STATISTICS or manual ANALYZE/UPDATE STATISTICS) keep plans optimal.",""
"477","SQL","Window Functions","Medium","mcq","What is the difference between LAG() and LEAD() in window functions?","LAG() accesses a value from a previous row within the partition; LEAD() accesses a value from a subsequent row — both avoid self-joins for row-over-row comparisons","LAG() works only with date columns; LEAD() works only with numeric columns","LAG() aggregates all previous rows; LEAD() aggregates all subsequent rows","LAG() requires ORDER BY DESC; LEAD() requires ORDER BY ASC","A","Both functions take an optional offset (default 1) and a default value for when there is no prior/next row. They are commonly used to compute period-over-period changes without a self-join.",""
"478","SQL","Window Functions","Medium","mcq","How would you calculate a running total using a window function?","SUM(amount) OVER (ORDER BY date ROWS BETWEEN UNBOUNDED PRECEDING AND CURRENT ROW)","SUM(amount) OVER (PARTITION BY date)","RUNNING SUM(amount) OVER (ORDER BY date)","CUMULATIVE_SUM(amount) OVER (ORDER BY date)","A","The ROWS frame UNBOUNDED PRECEDING to CURRENT ROW accumulates all rows from the start of the partition to the current row, producing a running (cumulative) total.",""
"479","SQL","Window Functions","Medium","mcq","How can ROW_NUMBER() be used to remove duplicate rows from a result set?","Assign ROW_NUMBER() OVER (PARTITION BY duplicate_key ORDER BY tiebreaker) and then filter WHERE row_num = 1 in an outer query to keep only the first occurrence per group","Use ROW_NUMBER() in a DELETE statement directly on the base table to remove duplicates in place","ROW_NUMBER() cannot be used for deduplication — use SELECT DISTINCT instead","Assign ROW_NUMBER() globally without PARTITION BY and delete all rows where row_num > 1","A","PARTITION BY the columns that define a duplicate, then keep row_num=1. This is the standard SQL pattern to deduplicate while controlling which row to keep via the ORDER BY inside the window.",""
"480","SQL","Window Functions","Hard","mcq","What is the difference between ROWS and RANGE in a window frame specification?","ROWS counts physical rows relative to the current row; RANGE treats rows with the same ORDER BY value as peers and includes all of them in the frame boundary","ROWS is used for numeric columns; RANGE is used for date or timestamp columns","ROWS and RANGE produce identical results when the ORDER BY column has no duplicates","RANGE always spans the entire partition; ROWS can be limited to a fixed number of rows","A","With RANGE BETWEEN UNBOUNDED PRECEDING AND CURRENT ROW, all rows tied on the ORDER BY value are included in the frame together. ROWS uses physical position, making it more predictable. Option C is actually also true but incomplete — A is the primary distinction.",""
"481","SQL","Window Functions","Medium","mcq","What do FIRST_VALUE() and LAST_VALUE() return in a window function?","FIRST_VALUE() returns the value of an expression from the first row of the window frame; LAST_VALUE() returns it from the last row of the window frame","FIRST_VALUE() returns the minimum value in the partition; LAST_VALUE() returns the maximum value","FIRST_VALUE() is equivalent to MIN(); LAST_VALUE() is equivalent to MAX() in all cases","FIRST_VALUE() returns the first row inserted into the table; LAST_VALUE() returns the most recently inserted row","A","These are window functions, not aggregates. LAST_VALUE() requires careful frame specification — the default RANGE BETWEEN UNBOUNDED PRECEDING AND CURRENT ROW means the 'last row' is the current row, not the partition end. Use ROWS BETWEEN UNBOUNDED PRECEDING AND UNBOUNDED FOLLOWING to get the true last row.",""
"482","SQL","Aggregate Functions","Medium","mcq","What does GROUP BY ROLLUP produce?","Subtotals at each level of the column hierarchy plus a grand total — rolling up from the most granular level to all combined","Groups rows randomly and applies a rolling average to each group","Rolls back the GROUP BY if a constraint violation is detected in the aggregation","Groups rows into equal-sized buckets for statistical sampling","A","ROLLUP(A, B) generates (A, B), (A), and () groupings — giving subtotals per A and the overall grand total in one query, commonly used in reporting and BI.",""
"483","SQL","Aggregate Functions","Medium","mcq","What does GROUP BY CUBE generate?","All possible grouping combinations of the listed columns, producing a multi-dimensional cross-tabulation with subtotals for every combination","A three-dimensional pivot table physically stored in the database","The same result as ROLLUP but sorted in a different order","Aggregations for pairs of columns only, not all possible combinations","A","CUBE(A, B, C) produces 2^3 = 8 grouping sets: (A,B,C), (A,B), (A,C), (B,C), (A), (B), (C), and () — every combination. ROLLUP only generates hierarchical subtotals.",""
"484","SQL","Aggregate Functions","Medium","mcq","How does AVG() handle NULL values in a column?","AVG() ignores NULL values completely — it sums only non-NULL values and divides by the count of non-NULL rows","AVG() treats NULL as zero and includes it in both the sum and the row count","AVG() returns NULL if any value in the column is NULL","AVG() raises a warning but replaces NULL with the column's default value","A","Like all aggregate functions except COUNT(*), AVG() silently skips NULLs. This means AVG(col) and SUM(col)/COUNT(col) are equivalent, but SUM(col)/COUNT(*) would divide by total rows including NULLs — a common mistake.",""
"485","SQL","Aggregate Functions","Hard","mcq","What does the FILTER clause do with aggregate functions in PostgreSQL?","Applies a conditional filter so only rows satisfying the FILTER WHERE condition contribute to that specific aggregate, enabling multiple conditional aggregates in one query","Filters the aggregate result after computation, equivalent to wrapping the SELECT in a WHERE clause","Replaces the HAVING clause and must be used instead of HAVING in PostgreSQL","Limits the aggregate to a specified number of rows using FILTER LIMIT","A","e.g., COUNT(*) FILTER (WHERE status='active') counts only active rows while COUNT(*) counts all — both in the same SELECT without needing multiple subqueries. Standard SQL:2003; also supported in SQLite.",""
"486","SQL","Aggregate Functions","Hard","mcq","What is the difference between PERCENTILE_CONT() and PERCENTILE_DISC()?","PERCENTILE_CONT() interpolates between values if the percentile falls between two rows; PERCENTILE_DISC() always returns an actual value from the dataset (the nearest row)","PERCENTILE_CONT() returns the continuous (running) percentile; PERCENTILE_DISC() returns a discrete count","PERCENTILE_DISC() is used for floating-point columns; PERCENTILE_CONT() is used for integer columns","Both functions produce identical results in all cases","A","For the 50th percentile with 4 values [10,20,30,40]: PERCENTILE_CONT(0.5) → 25 (interpolated between 20 and 30); PERCENTILE_DISC(0.5) → 20 (the closest actual data point at or below the percentile).",""
"487","SQL","WHERE/ORDER BY/GROUP BY/HAVING","Easy","mcq","What does the BETWEEN operator do in a WHERE clause?","Filters rows where a column value falls within an inclusive range: WHERE age BETWEEN 20 AND 30 is equivalent to WHERE age >= 20 AND age <= 30","Filters rows where a column value falls within an exclusive range (20 < age < 30)","Checks that a value exists between two columns in the same row","Filters rows where a value falls between two subquery results","A","BETWEEN is inclusive on both ends — BETWEEN 20 AND 30 includes 20 and 30. This applies to numbers, dates, and strings (alphabetical order for strings).",""
"488","SQL","WHERE/ORDER BY/GROUP BY/HAVING","Easy","mcq","How do you sort by multiple columns in ORDER BY, and what does the order of columns mean?","List columns separated by commas: ORDER BY last_name ASC, first_name ASC — rows are sorted by the first column first, then ties are broken by the second column","Use a + operator: ORDER BY last_name + first_name — the columns are concatenated for sorting","Only one column can be specified per ORDER BY clause; to sort by multiple columns, multiple ORDER BY clauses are needed","All columns in ORDER BY must use the same sort direction (all ASC or all DESC)","A","Multi-column ORDER BY applies sort priority left-to-right. Each column can independently be ASC or DESC: ORDER BY dept ASC, salary DESC sorts alphabetically by department, then highest salary first within each department.",""
"489","SQL","WHERE/ORDER BY/GROUP BY/HAVING","Medium","mcq","What rule must non-aggregate columns in a SELECT follow when GROUP BY is used?","Every column in SELECT that is not inside an aggregate function must appear in the GROUP BY clause","All columns in SELECT must be inside an aggregate function when GROUP BY is used","The GROUP BY clause must list columns in the same order as they appear in SELECT","Non-aggregate columns can freely appear in SELECT without being in GROUP BY as long as they are indexed","A","Standard SQL requires all non-aggregate SELECT columns to be in GROUP BY to guarantee a deterministic value per group. MySQL's ONLY_FULL_GROUP_BY mode enforces this; without it MySQL may return arbitrary row values for non-grouped columns.",""
"490","SQL","WHERE/ORDER BY/GROUP BY/HAVING","Medium","mcq","What is the correct SQL execution order that explains why WHERE cannot reference SELECT aliases?","FROM → WHERE → GROUP BY → HAVING → SELECT → ORDER BY — WHERE runs before SELECT so aliases defined in SELECT do not exist yet","SELECT → FROM → WHERE → GROUP BY → HAVING → ORDER BY — SELECT runs first so aliases are always available","WHERE → FROM → GROUP BY → SELECT → HAVING → ORDER BY","FROM → SELECT → WHERE → GROUP BY → HAVING → ORDER BY","A","The logical processing order is FROM, WHERE, GROUP BY, HAVING, SELECT, ORDER BY. This is why WHERE cannot reference SELECT aliases (SELECT hasn't run yet) but ORDER BY can (it runs last).",""
"491","SQL","JOINs (INNER/LEFT/RIGHT/FULL)","Easy","mcq","What is a CROSS JOIN and what result does it produce?","Returns the Cartesian product — every row from the left table is paired with every row from the right table, producing M × N rows","Returns only rows where a cross-column condition is met, like INNER JOIN","Returns all rows from both tables including non-matching rows, like FULL OUTER JOIN","Joins two tables by automatically matching all columns that share the same name","A","CROSS JOIN has no ON condition; a 3-row and 4-row table cross-joined produce 12 rows. It is useful for generating combinations but dangerous on large tables.",""
"492","SQL","JOINs (INNER/LEFT/RIGHT/FULL)","Medium","mcq","What is a SELF JOIN and when is it used?","Joining a table to itself using two different aliases — typically to compare rows within the same table, such as finding each employee and their manager stored in the same employees table","A JOIN where the ON condition references only one column from one table","A JOIN that automatically resolves the join condition from primary/foreign key relationships","A recursive JOIN that traverses hierarchical data indefinitely without a stop condition","A","e.g., SELECT e.name, m.name AS manager FROM employees e JOIN employees m ON e.manager_id = m.id — the same table is aliased twice to create a parent-child relationship.",""
"493","SQL","JOINs (INNER/LEFT/RIGHT/FULL)","Easy","mcq","In a LEFT JOIN, what value appears in the right-table columns for rows with no match?","NULL — the left table row is included but all right-side columns are filled with NULL","0 for numeric columns and an empty string for text columns","The default value defined by the column's DEFAULT constraint","The value from the nearest matching row based on the closest key value","A","NULL is the universal 'no match' indicator in OUTER JOINs. This is why IS NULL checks on right-table columns can identify rows in the left table that have no corresponding right-table row (anti-join pattern).",""
"494","SQL","JOINs (INNER/LEFT/RIGHT/FULL)","Hard","mcq","What is the anti-join pattern using a LEFT JOIN?","LEFT JOIN the second table and filter WHERE right_table.id IS NULL — returns only rows from the left table that have no matching row in the right table","LEFT JOIN with a NOT EXISTS subquery to exclude all right-table rows","INNER JOIN followed by EXCEPT to remove rows that appear in both tables","FULL OUTER JOIN with WHERE left_table.id IS NULL to find rows only in the right table","A","SELECT a.* FROM a LEFT JOIN b ON a.id=b.a_id WHERE b.a_id IS NULL is the anti-join: it returns a rows with no matching b row. A common alternative is NOT EXISTS (SELECT 1 FROM b WHERE b.a_id=a.id).",""
"495","SQL","DDL (CREATE/ALTER/DROP)","Easy","mcq","What does a CHECK constraint do in a table definition?","Enforces a condition on column values — any INSERT or UPDATE that violates the condition is rejected by the database","Verifies that the table structure matches the schema definition file on every query","Checks that all foreign key references point to existing primary key values","Validates that column data types match the values being inserted","A","e.g., CHECK (age >= 18) prevents inserting or updating any row where age < 18. CHECK constraints run at the row level, allowing complex expressions involving multiple columns.",""
"496","SQL","DDL (CREATE/ALTER/DROP)","Easy","mcq","What does the DEFAULT constraint do?","Automatically inserts a specified value into a column when no value is provided in the INSERT statement","Sets the minimum allowed value for a numeric column","Forces every INSERT to explicitly provide a value for the column","Creates an index on the column to speed up equality lookups","A","DEFAULT is used for timestamps (DEFAULT CURRENT_TIMESTAMP), booleans (DEFAULT TRUE), or status codes (DEFAULT 'active') — reducing boilerplate in INSERT statements.",""
"497","SQL","DDL (CREATE/ALTER/DROP)","Medium","mcq","What is CREATE TABLE AS SELECT (CTAS) and what does it create?","A new physical table populated immediately with the rows returned by the SELECT query — the column names and types are inferred from the query","A view named after the table, stored as a virtual SELECT query","A copy of the table structure only, without copying the data rows","A temporary table that exists only for the duration of the current transaction","A","CTAS is useful for archiving, creating denormalised reporting tables, or building derived datasets. Note: constraints (PRIMARY KEY, FOREIGN KEY) are typically not copied — only data and column definitions.",""
"498","SQL","DDL (CREATE/ALTER/DROP)","Medium","mcq","What does ON DELETE SET NULL on a FOREIGN KEY constraint do?","When the referenced parent row is deleted, the foreign key column in child rows is automatically set to NULL rather than blocking the delete or cascading it","Deletes all child rows when the parent is deleted, the same as ON DELETE CASCADE","Prevents the parent row from being deleted if any child rows reference it","Sets the foreign key to the default value of the column when the parent is deleted","A","ON DELETE SET NULL is useful when child records should be kept but orphaned gracefully (nullable FK). The FK column must be nullable. Compare: CASCADE deletes children; RESTRICT/NO ACTION prevents deletion.",""
"499","SQL","SELECT basics","Easy","mcq","What is the logical execution order of SQL clauses?","FROM → JOIN → WHERE → GROUP BY → HAVING → SELECT → DISTINCT → ORDER BY → LIMIT","SELECT → FROM → WHERE → GROUP BY → HAVING → ORDER BY → LIMIT","WHERE → FROM → JOIN → SELECT → GROUP BY → HAVING → ORDER BY","FROM → SELECT → WHERE → GROUP BY → ORDER BY → HAVING → LIMIT","A","Understanding this order explains why: WHERE cannot use SELECT aliases (SELECT hasn't run), HAVING can reference aggregates (GROUP BY already ran), and ORDER BY can use SELECT aliases (it runs last).",""
"500","SQL","SELECT basics","Easy","mcq","What does the COALESCE() function do?","Returns the first non-NULL value from its list of arguments — if all arguments are NULL, it returns NULL","Combines (coalesces) multiple rows into a single delimited string","Converts a NULL value to zero for numeric types and to an empty string for text types","Checks whether two values are equal, returning TRUE, FALSE, or NULL for comparisons involving NULL","A","COALESCE(col1, col2, 'default') returns col1 if non-NULL, else col2, else 'default'. It is standard SQL and more versatile than ISNULL() (SQL Server, 2 args only) or NVL() (Oracle).",""
